{"type": "FeatureCollection", "features": [{"type": "Feature", "properties": {"code": "174", "name": "South Eglinton-Davisville"}, "geometry": {"type": "Polygon", "coordinates": [[[-79.3863510515018, 43.6978312650188], [-79.3961081541657, 43.6956666126055], [-79.3983665000037, 43.7067319904649], [-79.3901971744214, 43.7084077534108], [-79.3863510515018, 43.6978312650188]]]}}, {"type": "Feature", "properties": {"code": "173", "name": "North Toronto"}, "geometry": {"type": "Polygon", "coordinates": [[[-79.3901971744214, 43.7084077534108], [-79.3983665000037, 43.7067319904649], [-79.3995631957359, 43.7122883512947], [-79.3922004798707, 43.7137858185398], [-79.3901971744214, 43.7084077534108]]]}}, {"type": "Feature", "properties": {"code": "172", "name": "Dovercourt Village"}, "geometry": {"type": "Polygon", "coordinates": [[[-79.4184165452952, 43.6635847542299], [-79.4353658491734, 43.6598837642968], [-79.4392895736509, 43.6690064950388], [-79.4218530859693, 43.672418480052], [-79.4184165452952, 43.6635847542299]]]}}, {"type": "Feature", "properties": {"code": "171", "name": "Junction-Wallace Emerson"}, "geometry": {"type": "Polygon", "coordinates": [[[-79.4392895736509, 43.6690064950388], [-79.4353658491734, 43.6598837642968], [-79.4498705732511, 43.6568753864178], [-79.4600458827451, 43.6672259620873], [-79.4490153816163, 43.6672609013857], [-79.4513792716205, 43.6710409962661], [-79.4346507970926, 43.6742906419178], [-79.4330090322959, 43.6702735877734], [-79.4392895736509, 43.6690064950388]]]}}, {"type": "Feature", "properties": {"code": "170", "name": "Yonge-Bay Corridor"}, "geometry": {"type": "Polygon", "coordinates": [[[-79.3769743175951, 43.6468847935013], [-79.3850214987939, 43.6447756078322], [-79.3875163354082, 43.6506729215882], [-79.386628635294, 43.6508528459785], [-79.3904946032768, 43.65985884043], [-79.3831103829273, 43.6613718193454], [-79.3769743175951, 43.6468847935013]]]}}, {"type": "Feature", "properties": {"code": "169", "name": "Bay-Cloverhill"}, "geometry": {"type": "Polygon", "coordinates": [[[-79.3831103829273, 43.6613718193454], [-79.3904946032768, 43.65985884043], [-79.392133985924, 43.6612142823233], [-79.3938721010009, 43.6648505424953], [-79.3931507373503, 43.6663725095808], [-79.3941414134514, 43.6687202589369], [-79.3867880679966, 43.6702263905041], [-79.3831103829273, 43.6613718193454]]]}}, {"type": "Feature", "properties": {"code": "156", "name": "Bendale-Glen Andrew"}, "geometry": {"type": "Polygon", "coordinates": [[[-79.2454227767629, 43.7555485285071], [-79.2650524988981, 43.7515217006146], [-79.2747764602797, 43.7772824387948], [-79.2549798538438, 43.781222537134], [-79.2454227767629, 43.7555485285071]]]}}, {"type": "Feature", "properties": {"code": "155", "name": "Downsview"}, "geometry": {"type": "Polygon", "coordinates": [[[-79.4645307888862, 43.7501446478418], [-79.4595133404656, 43.7510839034254], [-79.4582310399368, 43.7479971180423], [-79.4548978745396, 43.7487016719751], [-79.4528048635928, 43.7435261394012], [-79.4596698048113, 43.7420128911833], [-79.4587725287629, 43.7398593986955], [-79.4565026203026, 43.7403055849718], [-79.455502136344, 43.7369047453218], [-79.4527292624842, 43.7343597235937], [-79.4532689493056, 43.7340158915501], [-79.4528633906014, 43.7333831006134], [-79.4589187489923, 43.7320926175714], [-79.4578895935991, 43.7280684568822], [-79.4813138291764, 43.7227309007257], [-79.4820697367177, 43.7266423862854], [-79.4854759227956, 43.7258735697582], [-79.4862804310122, 43.7277004439105], [-79.488056228017, 43.7273010602441], [-79.4883173620909, 43.7279935075541], [-79.4914375368551, 43.7279341956751], [-79.4940853368038, 43.7336545846687], [-79.495117508185, 43.7334000066289], [-79.49816510157, 43.7345487970409], [-79.495014804102, 43.7352663889406], [-79.4943922705385, 43.7366645205292], [-79.494652756583, 43.7390807403006], [-79.4961461850647, 43.74007548926], [-79.497023646026, 43.7425188149772], [-79.4836283996589, 43.7456705901806], [-79.4827403294317, 43.7471890535737], [-79.4828988823961, 43.7523994694195], [-79.4812913341983, 43.7540481651884], [-79.4751859302736, 43.7554724862184], [-79.4730943440592, 43.7554108588777], [-79.4699000540173, 43.7541787346754], [-79.4657164027912, 43.7505104944685], [-79.4645307888862, 43.7501446478418]]]}}, {"type": "Feature", "properties": {"code": "154", "name": "Oakdale-Beverley Heights"}, "geometry": {"type": "Polygon", "coordinates": [[[-79.513221023395, 43.7393893286881], [-79.5115406480766, 43.7328924799853], [-79.5065107367001, 43.7344952400542], [-79.5007078115727, 43.7341983377435], [-79.4987273320784, 43.7348980793327], [-79.495117508185, 43.7334000066289], [-79.4940853368038, 43.7336545846687], [-79.4914375368551, 43.7279341956751], [-79.4883173620909, 43.7279935075541], [-79.488056228017, 43.7273010602441], [-79.4862804310122, 43.7277004439105], [-79.4854759227956, 43.7258735697582], [-79.4820697367177, 43.7266423862854], [-79.4813138291764, 43.7227309007257], [-79.5018632119033, 43.7184459275242], [-79.5296597238951, 43.714904618855], [-79.5285093616801, 43.7200464735322], [-79.532251130726, 43.735047745472], [-79.513221023395, 43.7393893286881]]]}}, {"type": "Feature", "properties": {"code": "153", "name": "Avondale"}, "geometry": {"type": "Polygon", "coordinates": [[[-79.4083840928018, 43.7536193204933], [-79.4109379794936, 43.7615088309948], [-79.3880562118249, 43.7665892748458], [-79.38715209799, 43.7633117314331], [-79.3969515353573, 43.7605945548772], [-79.4083840928018, 43.7536193204933]]]}}, {"type": "Feature", "properties": {"code": "152", "name": "East Willowdale"}, "geometry": {"type": "Polygon", "coordinates": [[[-79.3880562118249, 43.7665892748458], [-79.4082643038483, 43.7621017936671], [-79.4083883367601, 43.7643979957544], [-79.4123261918818, 43.7732263208768], [-79.412475659737, 43.77409839638], [-79.4098988386599, 43.774676168086], [-79.412315971912, 43.7804757400064], [-79.3921474261523, 43.7850055992226], [-79.3880562118249, 43.7665892748458]]]}}, {"type": "Feature", "properties": {"code": "151", "name": "Yonge-Doris"}, "geometry": {"type": "Polygon", "coordinates": [[[-79.4082643038483, 43.7621017936671], [-79.4109379794936, 43.7615088309948], [-79.4155776979575, 43.7797690847475], [-79.412315971912, 43.7804757400064], [-79.4098988386599, 43.774676168086], [-79.412475659737, 43.77409839638], [-79.4083883367601, 43.7643979957544], [-79.4082643038483, 43.7621017936671]]]}}, {"type": "Feature", "properties": {"code": "150", "name": "Fenside-Parkwoods"}, "geometry": {"type": "Polygon", "coordinates": [[[-79.3197941465542, 43.7683633049312], [-79.3140188124142, 43.7543411004062], [-79.3165910331571, 43.7538544217139], [-79.3197250873749, 43.7543166505556], [-79.3264416298716, 43.7527642050948], [-79.3278439920391, 43.7534015314187], [-79.3337049316259, 43.7519836630876], [-79.3365988962088, 43.762286801525], [-79.3383197931418, 43.7620163329384], [-79.3392136025164, 43.7636589233165], [-79.3451043300962, 43.7631008389986], [-79.3465039057134, 43.7619541132468], [-79.3498498104652, 43.7614226992171], [-79.3494257056606, 43.7632867453245], [-79.3500903411333, 43.7638188326823], [-79.3542216167108, 43.763653775197], [-79.354882878012, 43.7645887861686], [-79.3577646138254, 43.7647942331032], [-79.3596676703778, 43.7664130350461], [-79.3197941465542, 43.7683633049312]]]}}, {"type": "Feature", "properties": {"code": "149", "name": "Parkwoods-O'Connor Hills"}, "geometry": {"type": "Polygon", "coordinates": [[[-79.3390665067366, 43.7635780387122], [-79.3383197931418, 43.7620163329384], [-79.3365988962088, 43.762286801525], [-79.3337049316259, 43.7519836630876], [-79.3278439920391, 43.7534015314187], [-79.3264416298716, 43.7527642050948], [-79.3197250873749, 43.7543166505556], [-79.3165910331571, 43.7538544217139], [-79.3140188124142, 43.7543411004062], [-79.3097937613677, 43.7421440414463], [-79.3305547263697, 43.7397898698121], [-79.3305343724396, 43.7410111787923], [-79.3312602651282, 43.7415420282836], [-79.3356322228115, 43.7408361057205], [-79.3366617162429, 43.742283536792], [-79.3365491199478, 43.7435567954858], [-79.3389755302459, 43.7434785355477], [-79.3400600990868, 43.7443770470958], [-79.3391993547683, 43.7465330602501], [-79.342216470668, 43.7475165513452], [-79.3425259790156, 43.7507369607658], [-79.346398885591, 43.7515066489861], [-79.3452973346868, 43.7528191133561], [-79.3455637036462, 43.7543605054484], [-79.3436281411991, 43.7552265070695], [-79.34402648888, 43.756872109345], [-79.3464812349852, 43.7595032580409], [-79.3484197474541, 43.7599618274596], [-79.3498360108191, 43.7611601795421], [-79.3463904780671, 43.761997715614], [-79.3451043300962, 43.7631008389986], [-79.3390665067366, 43.7635780387122]]]}}, {"type": "Feature", "properties": {"code": "148", "name": "East L'Amoreaux"}, "geometry": {"type": "Polygon", "coordinates": [[[-79.3010123373609, 43.810085212497], [-79.2968877801475, 43.8014847741215], [-79.2916056984135, 43.8024654510478], [-79.2885737876989, 43.7960690579961], [-79.2955649806245, 43.7945785074756], [-79.2981076201579, 43.7915136498089], [-79.3068980372201, 43.7892695001607], [-79.3084343291096, 43.7862657670935], [-79.3109527551133, 43.7854778687243], [-79.3166148424058, 43.7986195522888], [-79.3183283674675, 43.8006474606256], [-79.3206770573872, 43.805690598712], [-79.3010123373609, 43.810085212497]]]}}, {"type": "Feature", "properties": {"code": "147", "name": "L'Amoreaux West"}, "geometry": {"type": "Polygon", "coordinates": [[[-79.3177641433021, 43.7765147828929], [-79.3230171105627, 43.7752446208589], [-79.3355355837954, 43.8023292553739], [-79.3206770573872, 43.805690598712], [-79.3183283674675, 43.8006474606256], [-79.3166148424058, 43.7986195522888], [-79.3109527551133, 43.7854778687243], [-79.3160318844344, 43.784234997676], [-79.3201649893357, 43.7816761489798], [-79.3177641433021, 43.7765147828929]]]}}, {"type": "Feature", "properties": {"code": "146", "name": "Malvern East"}, "geometry": {"type": "Polygon", "coordinates": [[[-79.227871120789, 43.7881042216848], [-79.2352915140308, 43.7855980797733], [-79.2387529832705, 43.7938698170777], [-79.2176658636869, 43.7981223981034], [-79.2183727997375, 43.8004403737787], [-79.2172076546579, 43.8034418175432], [-79.2174826508953, 43.8049716877945], [-79.2201428734414, 43.8083081392599], [-79.2245415092939, 43.8106136932849], [-79.2176672634469, 43.8198396936073], [-79.2041284356522, 43.8118285855323], [-79.1970100599685, 43.7965219057717], [-79.2163490750907, 43.7935185088302], [-79.2205590627416, 43.7920165456632], [-79.227871120789, 43.7881042216848]]]}}, {"type": "Feature", "properties": {"code": "145", "name": "Malvern West"}, "geometry": {"type": "Polygon", "coordinates": [[[-79.217856205108, 43.8200309292803], [-79.2245415092939, 43.8106136932849], [-79.2201428734414, 43.8083081392599], [-79.2174826508953, 43.8049716877945], [-79.2172076546579, 43.8034418175432], [-79.2183727997375, 43.8004403737787], [-79.2176658636869, 43.7981223981034], [-79.2387529832705, 43.7938698170777], [-79.2439367092866, 43.8066902508206], [-79.2429112605641, 43.8108824645479], [-79.2430763847675, 43.8129710915311], [-79.2222306799243, 43.817186399961], [-79.221195661016, 43.8177931726699], [-79.2210722147375, 43.8196982943072], [-79.217856205108, 43.8200309292803]]]}}, {"type": "Feature", "properties": {"code": "144", "name": "Morningside Heights"}, "geometry": {"type": "Polygon", "coordinates": [[[-79.1702915177967, 43.8554571861712], [-79.1511931184194, 43.8127915606947], [-79.1661970267893, 43.8090466884241], [-79.1901539855139, 43.8041633411147], [-79.1874109519389, 43.7979318870872], [-79.1970100599685, 43.7965219057717], [-79.204182902472, 43.81189173423], [-79.2175603121601, 43.8199905756256], [-79.2210722147375, 43.8196982943072], [-79.221195661016, 43.8177931726699], [-79.2222306799243, 43.817186399961], [-79.2430763847675, 43.8129710915311], [-79.2507168200146, 43.8305491592102], [-79.2511891488379, 43.8365989872391], [-79.1702915177967, 43.8554571861712]]]}}, {"type": "Feature", "properties": {"code": "143", "name": "West Rouge"}, "geometry": {"type": "Polygon", "coordinates": [[[-79.1456867650085, 43.8100204482268], [-79.143638133229, 43.8100622616307], [-79.1431381754239, 43.8107228135861], [-79.1431510569595, 43.8096302461494], [-79.1419726431514, 43.8096414124513], [-79.1406399326293, 43.8084476709867], [-79.1381632042662, 43.8074947765319], [-79.1358924805503, 43.8080366322371], [-79.1340992289224, 43.806856737949], [-79.1343907542408, 43.8044286769497], [-79.1336714609228, 43.8029627030242], [-79.1352561294056, 43.8006718482234], [-79.1310270675971, 43.8017819814644], [-79.127683111259, 43.8002863669536], [-79.1251785804172, 43.8001263587463], [-79.1242266730957, 43.7990102268028], [-79.1242252226761, 43.7974272942291], [-79.121932277766, 43.7974029991345], [-79.1203061840931, 43.7961544636336], [-79.121231111, 43.7952022525052], [-79.121003344313, 43.7947406038787], [-79.1152736124458, 43.7946063445344], [-79.1170176569681, 43.7942542993593], [-79.1199398622345, 43.7914345768316], [-79.1204298222085, 43.790570080326], [-79.1197892012063, 43.7903545881555], [-79.1219449707059, 43.7881318797095], [-79.1216881458691, 43.7877163205869], [-79.1227904069074, 43.787226368542], [-79.1228392911176, 43.7864687331519], [-79.1237510833323, 43.7860272352291], [-79.1251118212195, 43.7837683250088], [-79.126106341924, 43.7835272918092], [-79.1266898814648, 43.7821982452397], [-79.1338742109302, 43.775758389882], [-79.1341405763917, 43.7739748716184], [-79.1435318882883, 43.7960266308233], [-79.1447880130699, 43.7980646422654], [-79.1462234176471, 43.7989247319134], [-79.1516688670243, 43.7955819875538], [-79.1555263266404, 43.796004607464], [-79.1658712919158, 43.7995097342106], [-79.1695203812701, 43.8000752361122], [-79.1874109519389, 43.7979318870872], [-79.1901539855139, 43.8041633411147], [-79.1661970267893, 43.8090466884241], [-79.1511931184194, 43.8127915606947], [-79.1517428539905, 43.8139846672972], [-79.1466722155068, 43.8113421332666], [-79.1456867650085, 43.8100204482268]]]}}, {"type": "Feature", "properties": {"code": "142", "name": "Woburn North"}, "geometry": {"type": "Polygon", "coordinates": [[[-79.2244774604678, 43.7884078454381], [-79.2220169539418, 43.7880034250153], [-79.2229699433544, 43.7870170267169], [-79.2226682889291, 43.7856693553003], [-79.2204269879356, 43.7851952052558], [-79.2192591553784, 43.7826261610735], [-79.2177380215771, 43.7833304717539], [-79.2174524897371, 43.7842202675686], [-79.2148639787803, 43.7829912944622], [-79.2138382067664, 43.7837891756883], [-79.2132649553188, 43.7826177969659], [-79.2111702820345, 43.7811808990588], [-79.2317568337603, 43.7764362536762], [-79.2253243455431, 43.7598226553724], [-79.2454227767629, 43.7555485285071], [-79.2549798538438, 43.781222537134], [-79.2389887712312, 43.7845784363654], [-79.2303762216849, 43.7871416272165], [-79.2255210288932, 43.7892490644217], [-79.2244774604678, 43.7884078454381]]]}}, {"type": "Feature", "properties": {"code": "141", "name": "Golfdale-Cedarbrae-Woburn"}, "geometry": {"type": "Polygon", "coordinates": [[[-79.2222172150956, 43.7785568936147], [-79.2186842194236, 43.7698112486013], [-79.2087481356965, 43.7714508384407], [-79.2056285601349, 43.7640497710437], [-79.2020591387852, 43.7648687023123], [-79.2013528158897, 43.7638302925288], [-79.2026425751209, 43.7626723234039], [-79.2017358224585, 43.7609853719851], [-79.2038399782861, 43.7574012704667], [-79.2027643182427, 43.7558602382071], [-79.2039778340342, 43.7554672812437], [-79.2034113855, 43.7538689744889], [-79.2203496268486, 43.7481650828944], [-79.2288923012865, 43.7414757867511], [-79.2338358684458, 43.7531420019931], [-79.2378324070925, 43.753357699245], [-79.2401107769459, 43.7551126083922], [-79.2432308774785, 43.7560031091868], [-79.2253243455431, 43.7598226553724], [-79.2317568337603, 43.7764362536762], [-79.2222172150956, 43.7785568936147]]]}}, {"type": "Feature", "properties": {"code": "140", "name": "Guildwood"}, "geometry": {"type": "Polygon", "coordinates": [[[-79.1772096230141, 43.7590049962211], [-79.1722499724952, 43.7569474688556], [-79.1707647042721, 43.75562715456], [-79.1786705541472, 43.7523856333043], [-79.1861351099731, 43.7477516037447], [-79.1886883316032, 43.7468450994439], [-79.2023764556137, 43.7357322646344], [-79.2047086740382, 43.7350047861175], [-79.2058835024444, 43.7376946163628], [-79.2076060872107, 43.7360607690462], [-79.2088588236064, 43.7406456852549], [-79.2078915000837, 43.7425244704724], [-79.2112803465389, 43.7511318767584], [-79.2047696444032, 43.7535930129266], [-79.1772096230141, 43.7590049962211]]]}}, {"type": "Feature", "properties": {"code": "139", "name": "Scarborough Village"}, "geometry": {"type": "Polygon", "coordinates": [[[-79.2088588236064, 43.7406456852549], [-79.2076060872107, 43.7360607690462], [-79.2058835024444, 43.7376946163628], [-79.2047086740382, 43.7350047861175], [-79.2099490427964, 43.7312977909564], [-79.2098126793978, 43.7304451004863], [-79.2112036041361, 43.7298703662914], [-79.2139693758531, 43.7267641184887], [-79.2144052829984, 43.7273780215534], [-79.2182016265344, 43.7279165186241], [-79.2246579218861, 43.7304075113854], [-79.2253871917857, 43.7312977411529], [-79.2245691138865, 43.7320609221439], [-79.2288923012865, 43.7414757867511], [-79.2202705535669, 43.748208536228], [-79.2112803465389, 43.7511318767584], [-79.2078915000837, 43.7425244704724], [-79.2088588236064, 43.7406456852549]]]}}, {"type": "Feature", "properties": {"code": "138", "name": "Eglinton East"}, "geometry": {"type": "Polygon", "coordinates": [[[-79.2375836362703, 43.7533930431256], [-79.2338358684458, 43.7531420019931], [-79.2288923012865, 43.7414757867511], [-79.2454914181363, 43.7306038961779], [-79.2480845930644, 43.7366964586689], [-79.2629706541566, 43.7334128050943], [-79.2666553379466, 43.7420444554326], [-79.2617326610396, 43.7431347338476], [-79.2614665331596, 43.7425401078066], [-79.2559929985648, 43.7423395644729], [-79.25461048588, 43.7417065018251], [-79.2513805435768, 43.7420236014872], [-79.2506389122633, 43.7421660053124], [-79.2509979089753, 43.7429949354316], [-79.2460509297359, 43.7456219365697], [-79.2415116488558, 43.7451543557189], [-79.2402250041001, 43.7459475234282], [-79.2394083025861, 43.7487118062699], [-79.2385233625895, 43.7489698119498], [-79.2382620429201, 43.7515756550615], [-79.2375874322884, 43.7521974680996], [-79.2381995559915, 43.7528153727047], [-79.2375836362703, 43.7533930431256]]]}}, {"type": "Feature", "properties": {"code": "136", "name": "West Hill"}, "geometry": {"type": "Polygon", "coordinates": [[[-79.1815544477495, 43.7811389083683], [-79.1764000631316, 43.7808095706666], [-79.1744362486351, 43.7794360978677], [-79.17062347528, 43.7800610688231], [-79.1696252937961, 43.7784129484664], [-79.1680988705403, 43.7788960913918], [-79.1674679419069, 43.7801130042314], [-79.1656855417747, 43.7795672134225], [-79.1656065948349, 43.7778503548435], [-79.1633293423985, 43.7790407866775], [-79.1629461720903, 43.7772812822213], [-79.1589661991511, 43.7761520545428], [-79.1542632598353, 43.7722873464482], [-79.1521199085169, 43.7723260465832], [-79.1509562478087, 43.770616670494], [-79.1495768433203, 43.7709275443208], [-79.1470973064791, 43.7699029277102], [-79.1459454719993, 43.770128967124], [-79.1452282517919, 43.7693165842557], [-79.1451122206386, 43.7663722660671], [-79.1469999432854, 43.7652384286167], [-79.1515157201078, 43.7601541281865], [-79.1532276665619, 43.7591027223883], [-79.1589754605121, 43.7586939816235], [-79.1707647042721, 43.75562715456], [-79.1722499724952, 43.7569474688556], [-79.1772096230141, 43.7590049962211], [-79.2034113855, 43.7538689744889], [-79.2039778340342, 43.7554672812437], [-79.2027643182427, 43.7558602382071], [-79.2038399782861, 43.7574012704667], [-79.2017358224585, 43.7609853719851], [-79.2026425751209, 43.7626723234039], [-79.2013347912169, 43.7636612033338], [-79.2034636270414, 43.7666002021176], [-79.2011272616619, 43.7676511871321], [-79.1987435824232, 43.7714208828349], [-79.1995804762366, 43.7733650415382], [-79.1985546037702, 43.7745166402582], [-79.1987513208082, 43.7756599190153], [-79.1968612947244, 43.7762370626036], [-79.1955286750151, 43.7753962506974], [-79.1949418472995, 43.7771940261154], [-79.1931754108821, 43.7768056144548], [-79.1928047301065, 43.7783055792626], [-79.1868968070211, 43.7792783419365], [-79.1856847667132, 43.7811140941274], [-79.182862151259, 43.7801840930794], [-79.1815544477495, 43.7811389083683]]]}}, {"type": "Feature", "properties": {"code": "135", "name": "Morningside"}, "geometry": {"type": "Polygon", "coordinates": [[[-79.1970100599685, 43.7965219057717], [-79.193515143674, 43.7856485433965], [-79.1906128156749, 43.7788497723068], [-79.1928047301065, 43.7783055792626], [-79.1931754108821, 43.7768056144548], [-79.1950168647303, 43.7771433517892], [-79.1955286750151, 43.7753962506974], [-79.1968612947244, 43.7762370626036], [-79.1987513208082, 43.7756599190153], [-79.1985546037702, 43.7745166402582], [-79.1995804762366, 43.7733650415382], [-79.1987435824232, 43.7714208828349], [-79.2011272616619, 43.7676511871321], [-79.2034636270414, 43.7666002021176], [-79.2020591387852, 43.7648687023123], [-79.2056285601349, 43.7640497710437], [-79.2087481356965, 43.7714508384407], [-79.2186842194236, 43.7698112486013], [-79.2222172150956, 43.7785568936147], [-79.2111702820345, 43.7811808990588], [-79.2132649553188, 43.7826177969659], [-79.2138382067664, 43.7837891756883], [-79.2148639787803, 43.7829912944622], [-79.2174524897371, 43.7842202675686], [-79.2177380215771, 43.7833304717539], [-79.2192591553784, 43.7826261610735], [-79.2204269879356, 43.7851952052558], [-79.2226682889291, 43.7856693553003], [-79.2229699433544, 43.7870170267169], [-79.2220169539418, 43.7880034250153], [-79.2245545133917, 43.7884229280473], [-79.2255210288932, 43.7892490644217], [-79.2205590627416, 43.7920165456632], [-79.2159681576294, 43.7936172773414], [-79.1970100599685, 43.7965219057717]]]}}, {"type": "Feature", "properties": {"code": "134", "name": "Highland Creek"}, "geometry": {"type": "Polygon", "coordinates": [[[-79.1558668975584, 43.7960964277835], [-79.1514531642315, 43.7955889718905], [-79.1752650070365, 43.7802103582253], [-79.1764000631316, 43.7808095706666], [-79.18116408951, 43.7812134567235], [-79.1832563138744, 43.7802132336991], [-79.1856847667132, 43.7811140941274], [-79.1868968070211, 43.7792783419365], [-79.1906128156749, 43.7788497723068], [-79.193515143674, 43.7856485433965], [-79.193767105969, 43.7879884890298], [-79.1970100599685, 43.7965219057717], [-79.170787681116, 43.8001117566896], [-79.1662031174063, 43.7995984287326], [-79.1558668975584, 43.7960964277835]]]}}, {"type": "Feature", "properties": {"code": "133", "name": "Centennial Scarborough"}, "geometry": {"type": "Polygon", "coordinates": [[[-79.1462234176471, 43.7989247319134], [-79.1435318882883, 43.7960266308233], [-79.1341405763917, 43.7739748716184], [-79.1354064934984, 43.7739770176334], [-79.1373534959411, 43.7713442788798], [-79.1381950433142, 43.7714034642498], [-79.1382110860668, 43.7706523140116], [-79.1400493638156, 43.7699805195526], [-79.1408698423598, 43.7686900921733], [-79.1420007302763, 43.7689049333775], [-79.1451122206386, 43.7663722660671], [-79.1452282517919, 43.7693165842557], [-79.1459454719993, 43.770128967124], [-79.1470973064791, 43.7699029277102], [-79.1495768433203, 43.7709275443208], [-79.1509562478087, 43.770616670494], [-79.1521199085169, 43.7723260465832], [-79.1542632598353, 43.7722873464482], [-79.1589661991511, 43.7761520545428], [-79.1629461720903, 43.7772812822213], [-79.1633293423985, 43.7790407866775], [-79.1656065948349, 43.7778503548435], [-79.1656855417747, 43.7795672134225], [-79.1674679419069, 43.7801130042314], [-79.1680988705403, 43.7788960913918], [-79.1696252937961, 43.7784129484664], [-79.17062347528, 43.7800610688231], [-79.1744362486351, 43.7794360978677], [-79.1752650070365, 43.7802103582253], [-79.1462234176471, 43.7989247319134]]]}}, {"type": "Feature", "properties": {"code": "130", "name": "Milliken"}, "geometry": {"type": "Polygon", "coordinates": [[[-79.2507168200146, 43.8305491592102], [-79.2430763847675, 43.8129710915311], [-79.2576991703413, 43.8098881248035], [-79.2616517762965, 43.8190067811591], [-79.2912692387393, 43.8124943692581], [-79.2886305346454, 43.8067445181171], [-79.2862936450959, 43.8037518295675], [-79.296598761874, 43.8012682332411], [-79.3070666398246, 43.8236899303012], [-79.2511891488379, 43.8365989872391], [-79.2507168200146, 43.8305491592102]]]}}, {"type": "Feature", "properties": {"code": "129", "name": "Agincourt North"}, "geometry": {"type": "Polygon", "coordinates": [[[-79.2577140359756, 43.8099219554704], [-79.2430763847675, 43.8129710915311], [-79.2429112605641, 43.8108824645479], [-79.2439783118589, 43.806951376215], [-79.2421274578355, 43.8024720055488], [-79.2693096750198, 43.7890689622107], [-79.2733662445177, 43.7984074530729], [-79.2834364743932, 43.7970594282981], [-79.2866165944347, 43.8044635211106], [-79.2886305346454, 43.8067445181171], [-79.2912692387393, 43.8124943692581], [-79.2616517762965, 43.8190067811591], [-79.2577140359756, 43.8099219554704]]]}}, {"type": "Feature", "properties": {"code": "128", "name": "Agincourt South-Malvern West"}, "geometry": {"type": "Polygon", "coordinates": [[[-79.2862936450959, 43.8037518295675], [-79.2834364743932, 43.7970594282981], [-79.2733662445177, 43.7984074530729], [-79.2693096750198, 43.7890689622107], [-79.2421274578355, 43.8024720055488], [-79.2407525596021, 43.7977628572337], [-79.2352915140308, 43.7855980797733], [-79.2846145826099, 43.7750081585966], [-79.2917075423743, 43.7910972039938], [-79.2869004877683, 43.7921505031911], [-79.2916056984135, 43.8024654510478], [-79.2862936450959, 43.8037518295675]]]}}, {"type": "Feature", "properties": {"code": "126", "name": "Dorset Park"}, "geometry": {"type": "Polygon", "coordinates": [[[-79.2709648695553, 43.7441301117189], [-79.2815756741277, 43.7394517436987], [-79.2913628266481, 43.7634271143865], [-79.2913672267209, 43.7655775128929], [-79.2944250404059, 43.7727268509651], [-79.2747764602797, 43.7772824387948], [-79.2640035127144, 43.7485830509681], [-79.2709648695553, 43.7441301117189]]]}}, {"type": "Feature", "properties": {"code": "125", "name": "Ionview"}, "geometry": {"type": "Polygon", "coordinates": [[[-79.2674569585289, 43.7309661612534], [-79.2748451301451, 43.7225959139284], [-79.2815756741277, 43.7394517436987], [-79.2682810782712, 43.7458395045771], [-79.2629706541566, 43.7334128050943], [-79.2679317209071, 43.7322015547776], [-79.2674569585289, 43.7309661612534]]]}}, {"type": "Feature", "properties": {"code": "124", "name": "Kennedy Park"}, "geometry": {"type": "Polygon", "coordinates": [[[-79.254275368228, 43.7180882779122], [-79.2711172341824, 43.7141581997162], [-79.2748451301451, 43.7225959139284], [-79.2674569585289, 43.7309661612534], [-79.2679317209071, 43.7322015547776], [-79.2480845930644, 43.7366964586689], [-79.2454914181363, 43.7306038961779], [-79.254275368228, 43.7180882779122]]]}}, {"type": "Feature", "properties": {"code": "123", "name": "Cliffcrest"}, "geometry": {"type": "Polygon", "coordinates": [[[-79.2177620379889, 43.7278528754442], [-79.2142945561019, 43.7273327386643], [-79.2138578578819, 43.7262412726265], [-79.2146726957103, 43.7260470736282], [-79.214739203787, 43.725133416023], [-79.215247108549, 43.7246627205313], [-79.2159726016564, 43.7246505106732], [-79.2159708213099, 43.7236980580916], [-79.2170814471259, 43.723158667759], [-79.2176067474267, 43.7217013244462], [-79.2191929937617, 43.7220620506704], [-79.2235474682073, 43.7180262271101], [-79.2259666318296, 43.7128871789413], [-79.2252080566355, 43.71240369149], [-79.2257836042413, 43.7116980607939], [-79.2250192045657, 43.7110481877231], [-79.2265051097211, 43.7088247863808], [-79.2258726574723, 43.7081575558443], [-79.2260402551412, 43.7073136929313], [-79.2265152061297, 43.7080451839963], [-79.2280709615316, 43.7082400735708], [-79.2267467793267, 43.7097425120928], [-79.2265164429274, 43.7122351214111], [-79.2295039108762, 43.712528821249], [-79.2305853128347, 43.7113510941003], [-79.2300085869974, 43.7103366773788], [-79.229201925286, 43.7104076073765], [-79.2291706525928, 43.7117363623913], [-79.2272293982826, 43.7115883832862], [-79.2282275443896, 43.7109312745221], [-79.2278995053166, 43.7093528518947], [-79.2296212029743, 43.7092718754672], [-79.2284466157, 43.7090040668285], [-79.2295308581058, 43.707712147605], [-79.2298975291968, 43.7084849181494], [-79.2318005349311, 43.7084433846517], [-79.2313590859839, 43.7094972511437], [-79.2300749622777, 43.7102592342616], [-79.2313176219408, 43.7105598247203], [-79.2330774937103, 43.7092599439891], [-79.2334367253041, 43.7075882482497], [-79.2298167983503, 43.7058745850074], [-79.2286174028139, 43.7074210598875], [-79.2275935955469, 43.7073797481101], [-79.2291466214136, 43.7058464632042], [-79.2289420296653, 43.7047525309817], [-79.2332698958547, 43.7052963162418], [-79.232637693201, 43.7066776861787], [-79.2337529898364, 43.7069180039189], [-79.2343352625087, 43.7063575535748], [-79.2335735266325, 43.7058206192036], [-79.2357783535717, 43.7044886163378], [-79.2365386140858, 43.7032750554083], [-79.2355982539538, 43.7012904613702], [-79.237524561409, 43.7023217484045], [-79.2391490509029, 43.7020477327651], [-79.2391221685329, 43.7024302255999], [-79.2382598074985, 43.7025629222651], [-79.2367476475572, 43.7041868348444], [-79.23731143408, 43.7050599860064], [-79.2385762620681, 43.7046428864531], [-79.2375766042354, 43.7042401472384], [-79.2395349901362, 43.7038156259101], [-79.2380481117103, 43.7032730518862], [-79.2384351708071, 43.702580354093], [-79.2396296597699, 43.703141916283], [-79.2413791903472, 43.7029055180348], [-79.2431494328894, 43.7019064165019], [-79.2440352987181, 43.7003415693906], [-79.2453337847401, 43.7042401045301], [-79.2467337031288, 43.7048909823995], [-79.2474951986464, 43.7066691216746], [-79.2467729397832, 43.7076844690806], [-79.251299453993, 43.718763794357], [-79.254275368228, 43.7180882779122], [-79.2460349090694, 43.7300582712749], [-79.2427259178474, 43.732802636872], [-79.2288923012865, 43.7414757867511], [-79.2245691138865, 43.7320609221439], [-79.2253871917857, 43.7312977411529], [-79.2239741680099, 43.7299575559554], [-79.2177620379889, 43.7278528754442]]]}}, {"type": "Feature", "properties": {"code": "122", "name": "Birchcliffe-Cliffside"}, "geometry": {"type": "Polygon", "coordinates": [[[-79.2440352987181, 43.7003415693906], [-79.25314942639, 43.6963241353818], [-79.2557959543997, 43.6949290129166], [-79.257042575977, 43.6934028635812], [-79.257815626321, 43.6933948006754], [-79.2585735635177, 43.6918196839146], [-79.2593168377788, 43.6916616674406], [-79.2590669401651, 43.6910940865525], [-79.2599291555468, 43.690811459769], [-79.2596585193887, 43.6904042936058], [-79.2672783408323, 43.6838827140223], [-79.270654718682, 43.6797379727672], [-79.271404301661, 43.6797359277173], [-79.2717991753286, 43.6785054721757], [-79.2726808159321, 43.6785427029999], [-79.2731633634026, 43.677061973195], [-79.2747854418884, 43.6759534549116], [-79.2748476049427, 43.6750896578487], [-79.2755920201087, 43.6750577537759], [-79.2756892911009, 43.6740941823874], [-79.2764750008477, 43.6740560796603], [-79.2775508644504, 43.6719366297015], [-79.2783673489722, 43.6721849419467], [-79.2800452201269, 43.6711563519566], [-79.2875539160129, 43.6892908408367], [-79.2763021846331, 43.6921056381432], [-79.2698603218553, 43.6958392945181], [-79.2667413411422, 43.6993051723604], [-79.254275368228, 43.7180882779122], [-79.251299453993, 43.718763794357], [-79.2467729397832, 43.7076844690806], [-79.2474951986464, 43.7066691216746], [-79.2467337031288, 43.7048909823995], [-79.2453337847401, 43.7042401045301], [-79.2443930621476, 43.7019594583499], [-79.2440352987181, 43.7003415693906]]]}}, {"type": "Feature", "properties": {"code": "168", "name": "Downtown Yonge East"}, "geometry": {"type": "Polygon", "coordinates": [[[-79.3767169389989, 43.6624188631426], [-79.371464987273, 43.6494501962319], [-79.3769743175951, 43.6468847935013], [-79.3831103829273, 43.6613718193454], [-79.3767169389989, 43.6624188631426]]]}}, {"type": "Feature", "properties": {"code": "167", "name": "Church-Wellesley"}, "geometry": {"type": "Polygon", "coordinates": [[[-79.3767169389989, 43.6624188631426], [-79.3831103829273, 43.6613718193454], [-79.3867880679966, 43.6702263905041], [-79.3805663805765, 43.6716108185391], [-79.3767169389989, 43.6624188631426]]]}}, {"type": "Feature", "properties": {"code": "166", "name": "St Lawrence-East Bayfront-The Islands"}, "geometry": {"type": "Polygon", "coordinates": [[[-79.3534777425656, 43.6563520573605], [-79.3517417941799, 43.6555656754336], [-79.349518196323, 43.6535942010135], [-79.3474651937934, 43.6505131959369], [-79.3593578631225, 43.6454969358376], [-79.3607515723032, 43.6472124571607], [-79.3598538981138, 43.6452985787937], [-79.349647800299, 43.6333942966004], [-79.3525152582638, 43.6337126393982], [-79.3493872836886, 43.6310230779534], [-79.3498234931558, 43.6290407891958], [-79.3502094354829, 43.629734060748], [-79.3544121352382, 43.6297705810501], [-79.3578217925513, 43.6254492066633], [-79.366810862165, 43.6191253754632], [-79.3758416594589, 43.6145336845491], [-79.3796971239741, 43.6137255458187], [-79.3820636578514, 43.6122566396451], [-79.3889590268805, 43.6119761026854], [-79.3898514147297, 43.6123993486498], [-79.389936811102, 43.6136556870088], [-79.3916141534939, 43.6150586392325], [-79.3919193737047, 43.6166509814803], [-79.3944706554178, 43.6198606668943], [-79.4013600684978, 43.6253943833933], [-79.4032914947171, 43.6266379746427], [-79.4042866474789, 43.6264410874429], [-79.4048229809156, 43.6279103832507], [-79.3987655310305, 43.6315514189895], [-79.3979229369802, 43.6333620192249], [-79.3955006019136, 43.6346933770088], [-79.3969569135732, 43.6364504009097], [-79.3959667279567, 43.6365392388763], [-79.3949761075891, 43.6353460458459], [-79.3918722378315, 43.6363496958892], [-79.3944876414993, 43.6355176034992], [-79.3951385934171, 43.6366174513724], [-79.3918596209571, 43.6369302911123], [-79.3915829873773, 43.6363605476441], [-79.3919631182551, 43.6374024664183], [-79.3895740644337, 43.6371368752548], [-79.3896222857949, 43.6380322711616], [-79.3888153406545, 43.6371764120229], [-79.3871392398368, 43.6373331308696], [-79.3876066295155, 43.6384876582991], [-79.387075496541, 43.6385980588671], [-79.3865873855704, 43.6373819032828], [-79.3855794995197, 43.6374752604087], [-79.3857383882846, 43.6380644336556], [-79.3852408947864, 43.6381674061837], [-79.3854346423548, 43.6375195101394], [-79.3844022865788, 43.6376128863666], [-79.3849956814541, 43.6390042700104], [-79.3842371273331, 43.6391159405974], [-79.3836743854078, 43.6376931064132], [-79.3795760170917, 43.6380665334943], [-79.3824710684137, 43.645292258139], [-79.3780335161361, 43.6462294228396], [-79.3704133145848, 43.6497917447416], [-79.361265593668, 43.6519138630546], [-79.3575082314579, 43.6544817387027], [-79.3546450480534, 43.6549107389496], [-79.3548172158756, 43.655572899177], [-79.3534777425656, 43.6563520573605]]]}}, {"type": "Feature", "properties": {"code": "165", "name": "Harbourfront-CityPlace"}, "geometry": {"type": "Polygon", "coordinates": [[[-79.3824710684137, 43.645292258139], [-79.3795760170917, 43.6380665334943], [-79.3836743854078, 43.6376931064132], [-79.3842371273331, 43.6391159405974], [-79.3849956814541, 43.6390042700104], [-79.3844022865788, 43.6376128863666], [-79.3854346423548, 43.6375195101394], [-79.3852408947864, 43.6381674061837], [-79.3857383882846, 43.6380644336556], [-79.3855794995197, 43.6374752604087], [-79.3865873855704, 43.6373819032828], [-79.387075496541, 43.6385980588671], [-79.3876066295155, 43.6384876582991], [-79.3871392398368, 43.6373331308696], [-79.3888153406545, 43.6371764120229], [-79.3896222857949, 43.6380322711616], [-79.3895740644337, 43.6371368752548], [-79.3919631182551, 43.6374024664183], [-79.3915829873773, 43.6363605476441], [-79.3918596209571, 43.6369302911123], [-79.3951385934171, 43.6366174513724], [-79.3944876414993, 43.6355176034992], [-79.3929150068564, 43.6362850303542], [-79.3918722378315, 43.6363496958892], [-79.3949761075891, 43.6353460458459], [-79.3959667279567, 43.6365392388763], [-79.3969569135732, 43.6364504009097], [-79.3955006019136, 43.6346933770088], [-79.3973527530357, 43.6336923096558], [-79.3969234507697, 43.6340068188879], [-79.3996496820122, 43.6364847152893], [-79.4014219974625, 43.6407497966103], [-79.3824710684137, 43.645292258139]]]}}, {"type": "Feature", "properties": {"code": "164", "name": "Wellington Place"}, "geometry": {"type": "Polygon", "coordinates": [[[-79.3850214987939, 43.6447756078322], [-79.4014219974625, 43.6407497966103], [-79.4040105032962, 43.6471882946161], [-79.3874307877443, 43.6505859202464], [-79.3850214987939, 43.6447756078322]]]}}, {"type": "Feature", "properties": {"code": "163", "name": "Fort York-Liberty Village"}, "geometry": {"type": "Polygon", "coordinates": [[[-79.4213971910843, 43.6406113979274], [-79.4012713564689, 43.6403697455257], [-79.3996496820122, 43.6364847152893], [-79.3969234507697, 43.6340068188879], [-79.402315806205, 43.6310183579502], [-79.405063443553, 43.6331162682792], [-79.4086244122116, 43.6330664039131], [-79.4087925320673, 43.6317001632942], [-79.4099973917563, 43.6311166129158], [-79.4090547285709, 43.6296511063015], [-79.4101946040083, 43.6292379073111], [-79.4100594684953, 43.6281980859414], [-79.4108679318025, 43.627478553419], [-79.4155880678465, 43.6268698700916], [-79.4161950598646, 43.6281035080669], [-79.4186349803506, 43.626750452393], [-79.4150183619007, 43.626401384296], [-79.4200139206804, 43.626755881206], [-79.4224792185828, 43.6275406111008], [-79.4220533021724, 43.6283909714469], [-79.4224664079757, 43.6290618383046], [-79.4196263662657, 43.6293165516133], [-79.4198735622759, 43.6283400467847], [-79.4193476034025, 43.6286862576586], [-79.4190334795977, 43.6278714002904], [-79.4180323723606, 43.6282277722599], [-79.4184275850259, 43.6294961894597], [-79.4201395041337, 43.6301301961376], [-79.4277754764607, 43.629793474517], [-79.4289399198045, 43.6334439891159], [-79.4195724270566, 43.6358185950352], [-79.4213971910843, 43.6406113979274]]]}}, {"type": "Feature", "properties": {"code": "162", "name": "West Queen West"}, "geometry": {"type": "Polygon", "coordinates": [[[-79.4012713564689, 43.6403697455257], [-79.4213971910843, 43.6406113979274], [-79.4224102955295, 43.6434915575895], [-79.4040105032962, 43.6471882946161], [-79.4012713564689, 43.6403697455257]]]}}, {"type": "Feature", "properties": {"code": "161", "name": "Humber Bay Shores"}, "geometry": {"type": "Polygon", "coordinates": [[[-79.4739610639936, 43.6332928027301], [-79.4720229747939, 43.6323665879988], [-79.470777040074, 43.6307962536798], [-79.4720646886933, 43.6306551277062], [-79.4726066947335, 43.6296827843502], [-79.474770036563, 43.6288378622763], [-79.4760708222721, 43.626471179555], [-79.4759458154507, 43.6253213684954], [-79.4763579681826, 43.6255365789498], [-79.4766444383354, 43.6247881443255], [-79.4761472173107, 43.6249653962776], [-79.4759228591113, 43.624036098492], [-79.4768482039482, 43.6238756235922], [-79.4750357354866, 43.6234794054503], [-79.475256687371, 43.6230379346129], [-79.4740613981299, 43.6225724950573], [-79.4733850701713, 43.6232163000954], [-79.4737033659115, 43.6239916826493], [-79.4742543724857, 43.6238222216326], [-79.4738630986116, 43.6241949079463], [-79.4723979428326, 43.6234892136242], [-79.4715584982822, 43.6243351667581], [-79.472025063145, 43.6253524492675], [-79.4706678931338, 43.6253296326039], [-79.4692024247225, 43.622561315768], [-79.4732383296538, 43.6220581540569], [-79.4748211257673, 43.6201771654399], [-79.4746389135261, 43.6187323988326], [-79.4777272625649, 43.620528337436], [-79.4770495245067, 43.6208076971117], [-79.4775433188162, 43.6215819162148], [-79.4799671445026, 43.6215218501883], [-79.4778223913777, 43.6204739604184], [-79.4803183363458, 43.6213940191988], [-79.4794627093815, 43.62028606541], [-79.4765142721755, 43.6190793178008], [-79.4772710761206, 43.6183143418037], [-79.4783243469938, 43.6191066705576], [-79.4788402502125, 43.6186026881879], [-79.4783375106112, 43.6179184867138], [-79.4772739662552, 43.6173516322854], [-79.4759106190298, 43.6181959016914], [-79.4749203580383, 43.6177375798511], [-79.4770364979578, 43.6160653727134], [-79.4775485269116, 43.6151110542487], [-79.4770076875135, 43.6143221705284], [-79.4787410525527, 43.6140749489894], [-79.4792779949225, 43.6130308829144], [-79.4789294773904, 43.6120901707093], [-79.4797962781301, 43.6121218321579], [-79.4808013069714, 43.6134181919391], [-79.4824432799791, 43.6131529140046], [-79.4829216254825, 43.6123293654632], [-79.4841777106718, 43.6132116674376], [-79.4832442668374, 43.6147777723094], [-79.4827009116227, 43.6139585713238], [-79.480423616937, 43.6141067364545], [-79.4804264719501, 43.6161905739762], [-79.4788469134069, 43.6170904430837], [-79.4805613706696, 43.6183779495012], [-79.481311504392, 43.6178334801431], [-79.4816315720952, 43.6187682656442], [-79.4847989075976, 43.6172271217693], [-79.485997584156, 43.6138345600204], [-79.4870221931519, 43.6129788889454], [-79.4861710303902, 43.6127546897858], [-79.4868089666859, 43.61196643869], [-79.4862690696913, 43.6109287991107], [-79.4866649379962, 43.6103320515515], [-79.4901332867585, 43.6104669117887], [-79.4896334517024, 43.6132212577511], [-79.4861931870164, 43.6193373736668], [-79.483234369238, 43.6205251910827], [-79.481972056611, 43.6219832269783], [-79.4855161745251, 43.6228521145284], [-79.4870905005413, 43.6240046268704], [-79.4866357331478, 43.6248462237325], [-79.4925414376981, 43.6233613860877], [-79.4931875393892, 43.6248061065707], [-79.4822300428686, 43.6274966799972], [-79.4739610639936, 43.6332928027301]]]}}, {"type": "Feature", "properties": {"code": "160", "name": "Mimico-Queensway"}, "geometry": {"type": "Polygon", "coordinates": [[[-79.4869569370828, 43.6238875934696], [-79.4855161745251, 43.6228521145284], [-79.481972056611, 43.6219832269783], [-79.483234369238, 43.6205251910827], [-79.4861931870164, 43.6193373736668], [-79.4896334517024, 43.6132212577511], [-79.4901332867585, 43.6104669117887], [-79.4866649379962, 43.6103320515515], [-79.4865209069841, 43.6097414781654], [-79.4925904978234, 43.6021363630866], [-79.4951302898022, 43.6021589490677], [-79.4968787004327, 43.6012277033657], [-79.4972746793843, 43.6024046155147], [-79.4979586617736, 43.6023607657704], [-79.5025698672156, 43.6134526393063], [-79.526706727711, 43.6012795803453], [-79.5252812588535, 43.6029126932239], [-79.5250582270577, 43.6048344766427], [-79.5302430020582, 43.6171542541256], [-79.4931875393892, 43.6248061065707], [-79.4925414376981, 43.6233613860877], [-79.4866357331478, 43.6248462237325], [-79.4869569370828, 43.6238875934696]]]}}, {"type": "Feature", "properties": {"code": "159", "name": "Etobicoke City Centre"}, "geometry": {"type": "Polygon", "coordinates": [[[-79.5287491872486, 43.6487707934889], [-79.5244567039053, 43.6470110803708], [-79.5131662192509, 43.6204861010973], [-79.5481734772809, 43.6140131273806], [-79.551803406146, 43.6121843328959], [-79.5597818493421, 43.605050237755], [-79.5625160305016, 43.6066729485844], [-79.5647051670729, 43.6071053384002], [-79.5648040920637, 43.6083834852034], [-79.5669969783086, 43.6089537577337], [-79.5671692674104, 43.6106647375411], [-79.5639484204595, 43.6125336865783], [-79.5643777883328, 43.6132400570898], [-79.5672586463339, 43.6136299512463], [-79.5683543841088, 43.6143674176609], [-79.5678508018078, 43.6167801151458], [-79.5665445269285, 43.6178160545007], [-79.5669070241591, 43.620705340604], [-79.5655810180842, 43.6216242705063], [-79.5655338404904, 43.6242077636435], [-79.5636018205713, 43.6248884696888], [-79.5637603220541, 43.6270261958096], [-79.5567688031798, 43.6285327906689], [-79.5595857324343, 43.6362382298188], [-79.5567097191411, 43.6369296216962], [-79.5567828210195, 43.6344060653084], [-79.5547126209615, 43.6328031805971], [-79.5533030496652, 43.6338702859758], [-79.5497720372308, 43.6347062163659], [-79.5485720012462, 43.6319641356065], [-79.5496269849451, 43.6315726710897], [-79.5491607351924, 43.6305086109953], [-79.5469240967819, 43.6310224682688], [-79.543683450069, 43.6326794862814], [-79.5413614249761, 43.6347357628316], [-79.5363239288889, 43.640471777486], [-79.5373389958147, 43.6413819756497], [-79.5352238081159, 43.6414541538841], [-79.5287491872486, 43.6487707934889]]]}}, {"type": "Feature", "properties": {"code": "158", "name": "Islington"}, "geometry": {"type": "Polygon", "coordinates": [[[-79.5432258448017, 43.6598581917921], [-79.540476698974, 43.6535618079735], [-79.5397582995332, 43.6535899282862], [-79.5401566658913, 43.6548094726671], [-79.5381654663536, 43.6551521522389], [-79.5371680133123, 43.6542118753687], [-79.5374344012571, 43.6527850824749], [-79.5325794092284, 43.6520752099077], [-79.5319850613329, 43.6500365336641], [-79.5293477932781, 43.6511488101995], [-79.5265521608893, 43.6508929189559], [-79.5222158083792, 43.6481620653821], [-79.5186172861003, 43.6472447308111], [-79.5170251455586, 43.6461104016946], [-79.5234380978566, 43.644648578551], [-79.5244567039053, 43.6470110803708], [-79.5287491872486, 43.6487707934889], [-79.5352238081159, 43.6414541538841], [-79.5373389958147, 43.6413819756497], [-79.5363239288889, 43.640471777486], [-79.5427145930028, 43.6334611369167], [-79.5465865290983, 43.6311745498218], [-79.5491607351924, 43.6305086109953], [-79.5496269849451, 43.6315726710897], [-79.5485720012462, 43.6319641356065], [-79.5497720372308, 43.6347062163659], [-79.5533030496652, 43.6338702859758], [-79.5547126209615, 43.6328031805971], [-79.5567828210195, 43.6344060653084], [-79.5567097191411, 43.6369296216962], [-79.5595857324343, 43.6362382298188], [-79.562674744056, 43.6444850167196], [-79.5672982457001, 43.6542474445788], [-79.5432258448017, 43.6598581917921]]]}}, {"type": "Feature", "properties": {"code": "157", "name": "Bendale South"}, "geometry": {"type": "Polygon", "coordinates": [[[-79.2431465993407, 43.7557783761282], [-79.2401107769459, 43.7551126083922], [-79.2375836362703, 43.7533930431256], [-79.2382368509713, 43.7526461996481], [-79.2375874322884, 43.7521974680996], [-79.2382620429201, 43.7515756550615], [-79.2385233625895, 43.7489698119498], [-79.2394083025861, 43.7487118062699], [-79.2402250041001, 43.7459475234282], [-79.2415116488558, 43.7451543557189], [-79.2460509297359, 43.7456219365697], [-79.2509979089753, 43.7429949354316], [-79.2506389122633, 43.7421660053124], [-79.2513805435768, 43.7420236014872], [-79.25461048588, 43.7417065018251], [-79.2559929985648, 43.7423395644729], [-79.2614665331596, 43.7425401078066], [-79.2617326610396, 43.7431347338476], [-79.2666553379466, 43.7420444554326], [-79.2682810782712, 43.7458395045771], [-79.2640035127144, 43.7485830509681], [-79.2650524988981, 43.7515217006146], [-79.2431465993407, 43.7557783761282]]]}}, {"type": "Feature", "properties": {"code": "109", "name": "Caledonia-Fairbank"}, "geometry": {"type": "Polygon", "coordinates": [[[-79.4502789805454, 43.6956920028916], [-79.4457702344075, 43.6847082609908], [-79.4602100514976, 43.6815584483038], [-79.4646206444876, 43.6921556119541], [-79.4502789805454, 43.6956920028916]]]}}, {"type": "Feature", "properties": {"code": "108", "name": "Briar Hill-Belgravia"}, "geometry": {"type": "Polygon", "coordinates": [[[-79.4645741146664, 43.6921734561128], [-79.4671024031239, 43.6996734738175], [-79.4396873198529, 43.7056098189047], [-79.4388336326712, 43.7020435905703], [-79.4406854079028, 43.7016135221871], [-79.4393904181852, 43.6980403236991], [-79.4645741146664, 43.6921734561128]]]}}, {"type": "Feature", "properties": {"code": "107", "name": "Oakwood Village"}, "geometry": {"type": "Polygon", "coordinates": [[[-79.4333470149496, 43.6890483675602], [-79.4318422179653, 43.6888124832735], [-79.4290928356542, 43.681595084985], [-79.4424500417147, 43.6787577788581], [-79.4449491866678, 43.6848875976186], [-79.4457702344075, 43.6847082609908], [-79.4502789805454, 43.6956920028916], [-79.4371892580337, 43.698513989183], [-79.4333470149496, 43.6890483675602]]]}}, {"type": "Feature", "properties": {"code": "106", "name": "Humewood-Cedarvale"}, "geometry": {"type": "Polygon", "coordinates": [[[-79.4255619572991, 43.7009925149715], [-79.4184870633337, 43.6836294842459], [-79.4290336588238, 43.6814496680759], [-79.4318422179653, 43.6888124832735], [-79.4333470149496, 43.6890483675602], [-79.4371892580337, 43.698513989183], [-79.4255619572991, 43.7009925149715]]]}}, {"type": "Feature", "properties": {"code": "105", "name": "Lawrence Park North"}, "geometry": {"type": "Polygon", "coordinates": [[[-79.3924078724052, 43.7369119060217], [-79.390076511865, 43.7276821567235], [-79.4142044277273, 43.722566137619], [-79.4169804342667, 43.733337737064], [-79.4049325459367, 43.7360109602945], [-79.4045519105058, 43.7342625058279], [-79.3924078724052, 43.7369119060217]]]}}, {"type": "Feature", "properties": {"code": "103", "name": "Lawrence Park South"}, "geometry": {"type": "Polygon", "coordinates": [[[-79.4114912262757, 43.7111851495192], [-79.4096954242324, 43.7058280258967], [-79.4085161050218, 43.7045984592142], [-79.4159624184853, 43.7030290339104], [-79.4170993146943, 43.7071568133792], [-79.416224264715, 43.7073587039924], [-79.4173693311361, 43.7099474202553], [-79.4177036425557, 43.7105057489481], [-79.4193292325675, 43.7099545900674], [-79.4222178139707, 43.7170306293103], [-79.4134997071054, 43.7187617863675], [-79.4142044277273, 43.722566137619], [-79.390076511865, 43.7276821567235], [-79.388293691005, 43.7190808277435], [-79.4004817478359, 43.7166058976816], [-79.399839550636, 43.7136520689072], [-79.4114912262757, 43.7111851495192]]]}}, {"type": "Feature", "properties": {"code": "102", "name": "Forest Hill North"}, "geometry": {"type": "Polygon", "coordinates": [[[-79.4392491921203, 43.6980692778755], [-79.4406854079028, 43.7016135221871], [-79.4388336326712, 43.7020435905703], [-79.4396873198529, 43.7056098189047], [-79.4177036425557, 43.7105057489481], [-79.4173693311361, 43.7099474202553], [-79.416224264715, 43.7073587039924], [-79.4170993146943, 43.7071568133792], [-79.4159624184853, 43.7030290339104], [-79.4392491921203, 43.6980692778755]]]}}, {"type": "Feature", "properties": {"code": "101", "name": "Forest Hill South"}, "geometry": {"type": "Polygon", "coordinates": [[[-79.4058832148712, 43.6981804882643], [-79.4046743058241, 43.6950199625181], [-79.4024035584621, 43.6954945385725], [-79.4008692856139, 43.6911975493687], [-79.4126690850157, 43.6886690052929], [-79.4122731861027, 43.6873406231417], [-79.4128218223812, 43.687229039671], [-79.4118960009694, 43.6849418545125], [-79.4182955283344, 43.6834937157887], [-79.4255619572991, 43.7009925149715], [-79.4109578382597, 43.7040828230148], [-79.4091374718705, 43.6992579827569], [-79.4058832148712, 43.6981804882643]]]}}, {"type": "Feature", "properties": {"code": "100", "name": "Yonge-Eglinton"}, "geometry": {"type": "Polygon", "coordinates": [[[-79.3961081541657, 43.6956666126055], [-79.4091374718705, 43.6992579827569], [-79.4109578382597, 43.7040828230148], [-79.4085161050218, 43.7045984592142], [-79.4096954242324, 43.7058280258967], [-79.4114912262757, 43.7111851495192], [-79.399839550636, 43.7136520689072], [-79.3961081541657, 43.6956666126055]]]}}, {"type": "Feature", "properties": {"code": "099", "name": "Mount Pleasant East"}, "geometry": {"type": "Polygon", "coordinates": [[[-79.388293691005, 43.7190808277435], [-79.3857091654, 43.7113544192752], [-79.3774895937259, 43.7130910609751], [-79.376953984952, 43.710302794384], [-79.3717385497546, 43.6967500053845], [-79.3891249054345, 43.6931049639157], [-79.3887418363907, 43.6917249723705], [-79.392620499964, 43.6909405462761], [-79.3929180262946, 43.6917452801882], [-79.3913026030759, 43.6922251537188], [-79.3915425740242, 43.6928554362267], [-79.39534218066, 43.6920985128822], [-79.3961081541657, 43.6956666126055], [-79.3862291956072, 43.6975037220317], [-79.3870311308924, 43.7005063734658], [-79.3922004798707, 43.7137858185398], [-79.3995631957359, 43.7122883512947], [-79.4004817478359, 43.7166058976816], [-79.388293691005, 43.7190808277435]]]}}, {"type": "Feature", "properties": {"code": "098", "name": "Rosedale-Moore Park"}, "geometry": {"type": "Polygon", "coordinates": [[[-79.3800815312822, 43.6950291767593], [-79.3737773497423, 43.6925355484372], [-79.3676274047498, 43.6891191260491], [-79.3675468973886, 43.6865607820496], [-79.3664742928814, 43.6840638593609], [-79.3678835402719, 43.6806778539599], [-79.3667665567991, 43.6785092211466], [-79.364184635969, 43.6792029564521], [-79.3637314492195, 43.6787974659571], [-79.36359511001, 43.6780636961134], [-79.3649564974, 43.6767286258956], [-79.3633907880318, 43.6753226406503], [-79.3669988105768, 43.6745752402017], [-79.3709371609468, 43.6719378120209], [-79.3763169504609, 43.672465980367], [-79.3867880679966, 43.6702263905041], [-79.39534218066, 43.6920985128822], [-79.3915425740242, 43.6928554362267], [-79.3913026030759, 43.6922251537188], [-79.3929180262946, 43.6917452801882], [-79.392620499964, 43.6909405462761], [-79.3887418363907, 43.6917249723705], [-79.3891249054345, 43.6931049639157], [-79.3800815312822, 43.6950291767593]]]}}, {"type": "Feature", "properties": {"code": "097", "name": "Yonge-St.Clair"}, "geometry": {"type": "Polygon", "coordinates": [[[-79.4058832148712, 43.6981804882643], [-79.3961081541657, 43.6956666126055], [-79.3948213001252, 43.689735374482], [-79.391194825918, 43.681081122778], [-79.3979313672679, 43.6779949528011], [-79.4030847025454, 43.6906327275232], [-79.4008692856139, 43.6911975493687], [-79.4024035584621, 43.6954945385725], [-79.4046743058241, 43.6950199625181], [-79.4058832148712, 43.6981804882643]]]}}, {"type": "Feature", "properties": {"code": "096", "name": "Casa Loma"}, "geometry": {"type": "Polygon", "coordinates": [[[-79.4030176369546, 43.6907821281771], [-79.3979313672679, 43.6779949528011], [-79.4021313064015, 43.6765238498247], [-79.4146931781778, 43.6739104164259], [-79.4185410795905, 43.6837582054538], [-79.4118960009694, 43.6849418545125], [-79.4128218223812, 43.687229039671], [-79.4122731861027, 43.6873406231417], [-79.4126690850157, 43.6886690052929], [-79.4030176369546, 43.6907821281771]]]}}, {"type": "Feature", "properties": {"code": "095", "name": "Annex"}, "geometry": {"type": "Polygon", "coordinates": [[[-79.3867880679966, 43.6702263905041], [-79.4184165452952, 43.6635847542299], [-79.4218530859693, 43.672418480052], [-79.4015776356744, 43.676667386558], [-79.391194825918, 43.681081122778], [-79.3867880679966, 43.6702263905041]]]}}, {"type": "Feature", "properties": {"code": "094", "name": "Wychwood"}, "geometry": {"type": "Polygon", "coordinates": [[[-79.4184870633337, 43.6836294842459], [-79.4146931781778, 43.6739104164259], [-79.4330090322959, 43.6702735877734], [-79.4346507970926, 43.6742906419178], [-79.4337822305373, 43.6744077623674], [-79.4359157087306, 43.6801533947749], [-79.4184870633337, 43.6836294842459]]]}}, {"type": "Feature", "properties": {"code": "092", "name": "Corso Italia-Davenport"}, "geometry": {"type": "Polygon", "coordinates": [[[-79.4449491866678, 43.6848875976186], [-79.4424500417147, 43.6787577788581], [-79.4359157087306, 43.6801533947749], [-79.4337822305373, 43.6744077623674], [-79.4513792716205, 43.6710409962661], [-79.4557781759771, 43.6748507843869], [-79.4602638512905, 43.6815273494828], [-79.4449491866678, 43.6848875976186]]]}}, {"type": "Feature", "properties": {"code": "091", "name": "Weston-Pelham Park"}, "geometry": {"type": "Polygon", "coordinates": [[[-79.4604399259702, 43.6819014600604], [-79.455618641594, 43.6746661954448], [-79.4519079185755, 43.6717078132382], [-79.4490153816163, 43.6672609013857], [-79.4600458827451, 43.6672259620873], [-79.4724196246668, 43.6792191752864], [-79.4660094901153, 43.6802017157232], [-79.4604399259702, 43.6819014600604]]]}}, {"type": "Feature", "properties": {"code": "090", "name": "Junction Area"}, "geometry": {"type": "Polygon", "coordinates": [[[-79.4760017765467, 43.6788671048569], [-79.4724196246668, 43.6792191752864], [-79.4687075480525, 43.6761409567656], [-79.456019537177, 43.6631304954496], [-79.4692807498586, 43.6602623196264], [-79.4708230335431, 43.6625427550679], [-79.477666968982, 43.6605538119001], [-79.480806451895, 43.660327467222], [-79.4839402455773, 43.6699132952419], [-79.4800756965109, 43.6707705767181], [-79.4807780287638, 43.6725077911941], [-79.4785687826842, 43.6730008870436], [-79.4783658592588, 43.6740780373427], [-79.4735003839393, 43.6752022683535], [-79.4736562335458, 43.6766527232151], [-79.4760017765467, 43.6788671048569]]]}}, {"type": "Feature", "properties": {"code": "121", "name": "Oakridge"}, "geometry": {"type": "Polygon", "coordinates": [[[-79.2810032595656, 43.7120456468031], [-79.2760879278565, 43.7002028022625], [-79.2698475391574, 43.7016204318033], [-79.2677034230062, 43.6997073644978], [-79.2676655357607, 43.6985949272277], [-79.2698603218553, 43.6958392945181], [-79.274465430468, 43.6929034228727], [-79.2791245981242, 43.6911938679524], [-79.2875539160129, 43.6892908408367], [-79.290959064225, 43.6976556809163], [-79.28864279818, 43.6985707225599], [-79.2865237522392, 43.6982339082999], [-79.281897806075, 43.6995130247602], [-79.2823740810998, 43.7011469716144], [-79.2819161463486, 43.702277811408], [-79.2832105100218, 43.703220195776], [-79.2825352912562, 43.7039290777066], [-79.2825907847659, 43.706038622347], [-79.2809607328708, 43.7069618670112], [-79.2809665552598, 43.7106343766429], [-79.2824552840928, 43.7117181092504], [-79.2810032595656, 43.7120456468031]]]}}, {"type": "Feature", "properties": {"code": "120", "name": "Clairlea-Birchmount"}, "geometry": {"type": "Polygon", "coordinates": [[[-79.2778595291312, 43.7299621064461], [-79.2711172341824, 43.7141581997162], [-79.254275368228, 43.7180882779122], [-79.2667413411422, 43.6993051723604], [-79.2684209001623, 43.6972226662837], [-79.2698603218553, 43.6958392945181], [-79.2676655357607, 43.6985949272277], [-79.2677034230062, 43.6997073644978], [-79.2698475391574, 43.7016204318033], [-79.2760879278565, 43.7002028022625], [-79.2810032595656, 43.7120456468031], [-79.2824552840928, 43.7117181092504], [-79.2809665552598, 43.7106343766429], [-79.2809607328708, 43.7069618670112], [-79.2825907847659, 43.706038622347], [-79.2825352912562, 43.7039290777066], [-79.2832105100218, 43.703220195776], [-79.2819161463486, 43.702277811408], [-79.2823740810998, 43.7011469716144], [-79.281897806075, 43.6995130247602], [-79.2865237522392, 43.6982339082999], [-79.28864279818, 43.6985707225599], [-79.290959064225, 43.6976556809163], [-79.3026450183565, 43.7247230254748], [-79.2778595291312, 43.7299621064461]]]}}, {"type": "Feature", "properties": {"code": "119", "name": "Wexford/Maryvale"}, "geometry": {"type": "Polygon", "coordinates": [[[-79.2944250404059, 43.7727268509651], [-79.2913116154672, 43.7654004662374], [-79.2913628266481, 43.7634271143865], [-79.2778595291312, 43.7299621064461], [-79.3026450183565, 43.7247230254748], [-79.3197941465542, 43.7683633049312], [-79.3116564917535, 43.7687824481621], [-79.2944250404059, 43.7727268509651]]]}}, {"type": "Feature", "properties": {"code": "118", "name": "Tam O'Shanter-Sullivan"}, "geometry": {"type": "Polygon", "coordinates": [[[-79.3100686334512, 43.7690841411666], [-79.3198859832283, 43.7685631137014], [-79.3230171105627, 43.7752446208589], [-79.3177641433021, 43.7765147828929], [-79.3201649893357, 43.7816761489798], [-79.3159312363319, 43.7842754488046], [-79.3085051434923, 43.786220880042], [-79.3068980372201, 43.7892695001607], [-79.2981076201579, 43.7915136498089], [-79.2955649806245, 43.7945785074756], [-79.2885737876989, 43.7960690579961], [-79.2869004877683, 43.7921505031911], [-79.2917075423743, 43.7910972039938], [-79.2846145826099, 43.7750081585966], [-79.3100686334512, 43.7690841411666]]]}}, {"type": "Feature", "properties": {"code": "116", "name": "Steeles"}, "geometry": {"type": "Polygon", "coordinates": [[[-79.3010123373609, 43.810085212497], [-79.3355355837954, 43.8023292553739], [-79.3413178929128, 43.8156507542373], [-79.3070666398246, 43.8236899303012], [-79.3010123373609, 43.810085212497]]]}}, {"type": "Feature", "properties": {"code": "115", "name": "Mount Dennis"}, "geometry": {"type": "Polygon", "coordinates": [[[-79.5029569066111, 43.6957370912699], [-79.4979841405656, 43.6928218543261], [-79.4828860637878, 43.6853500429621], [-79.4839997345502, 43.6842294065426], [-79.4968080692289, 43.6811319967585], [-79.4977402586953, 43.6810944025016], [-79.4988230873571, 43.6844764090065], [-79.5017945833462, 43.6839856856823], [-79.5069675282259, 43.6846648341138], [-79.5102330457978, 43.6841242759406], [-79.5125522883929, 43.6888217984749], [-79.5132891036969, 43.6933839865311], [-79.5094912108822, 43.6939943645829], [-79.5090302991874, 43.6932728582828], [-79.5056154929186, 43.6940530300721], [-79.5063796820091, 43.6947104533268], [-79.5029569066111, 43.6957370912699]]]}}, {"type": "Feature", "properties": {"code": "114", "name": "Lambton Baby Point"}, "geometry": {"type": "Polygon", "coordinates": [[[-79.4992260711444, 43.6658122249443], [-79.4964450124133, 43.6645301387288], [-79.4947415526718, 43.6627903390111], [-79.4942144625919, 43.6610264013568], [-79.4955230747892, 43.6596975734532], [-79.4950830766752, 43.6594098993345], [-79.48902837959, 43.6604130296528], [-79.4844830374883, 43.6493303687947], [-79.4926212023891, 43.6474363515455], [-79.4908779500622, 43.6500458471451], [-79.491961264966, 43.6519137557394], [-79.5003399235002, 43.6521705405961], [-79.5027792636753, 43.6532145747912], [-79.5025082555512, 43.655136361417], [-79.4995289961899, 43.6579134129492], [-79.5001449124321, 43.659344646206], [-79.5057672682841, 43.6629089161497], [-79.5102473912707, 43.6619363043415], [-79.5122116343354, 43.6626336614198], [-79.5077867475905, 43.665181634702], [-79.4992260711444, 43.6658122249443]]]}}, {"type": "Feature", "properties": {"code": "113", "name": "Weston"}, "geometry": {"type": "Polygon", "coordinates": [[[-79.5308646731514, 43.7106791791966], [-79.5315420501999, 43.7091574110883], [-79.5308098235823, 43.7092946461049], [-79.5288304005941, 43.7069349124918], [-79.5254624521635, 43.7058715548812], [-79.5231125384538, 43.7064432659756], [-79.5237205748785, 43.7075507209016], [-79.5223376138222, 43.7078754413249], [-79.5208445316654, 43.7080398975198], [-79.5202885928572, 43.7068874207958], [-79.5057882800195, 43.7102011818647], [-79.5028939689781, 43.6995533413531], [-79.5082464649722, 43.6983412735933], [-79.5053547971438, 43.6969167039829], [-79.5023795727011, 43.6975937194396], [-79.5021928156235, 43.6967630933814], [-79.5041510283652, 43.6963525802959], [-79.5031326275948, 43.6955748653457], [-79.5063796820091, 43.6947104533268], [-79.5056154929186, 43.6940530300721], [-79.5090789521817, 43.6932668055597], [-79.5094912108822, 43.6939943645829], [-79.5132891036969, 43.6933839865311], [-79.5118998209595, 43.696387942401], [-79.5122456167362, 43.6969497392804], [-79.5188158132893, 43.6971218243444], [-79.5211795820432, 43.6997169404401], [-79.5285699277462, 43.7024152124689], [-79.5311573120798, 43.7047826284806], [-79.5359612062844, 43.7045893649173], [-79.5354427499811, 43.7067796807862], [-79.535836748682, 43.7081162916918], [-79.5322984540911, 43.7089668770388], [-79.5323471577089, 43.710443179145], [-79.5308646731514, 43.7106791791966]]]}}, {"type": "Feature", "properties": {"code": "112", "name": "Beechborough-Greenbrook"}, "geometry": {"type": "Polygon", "coordinates": [[[-79.486772029884, 43.6875151203501], [-79.4979841405656, 43.6928218543261], [-79.4671024031239, 43.6996734738175], [-79.4646206444876, 43.6921556119541], [-79.486772029884, 43.6875151203501]]]}}, {"type": "Feature", "properties": {"code": "111", "name": "Rockcliffe-Smythe"}, "geometry": {"type": "Polygon", "coordinates": [[[-79.4828860637878, 43.6853500429621], [-79.4724196246668, 43.6792191752864], [-79.4760017765467, 43.6788671048569], [-79.4736562335458, 43.6766527232151], [-79.4735003839393, 43.6752022683535], [-79.4783658592588, 43.6740780373427], [-79.4785687826842, 43.6730008870436], [-79.4807780287638, 43.6725077911941], [-79.4800756965109, 43.6707705767181], [-79.4839402455773, 43.6699132952419], [-79.4826282870365, 43.6668282386107], [-79.5065399168389, 43.6653932622734], [-79.5090738637709, 43.6647764525559], [-79.5124042884081, 43.6629216836116], [-79.5130755872584, 43.6661665914746], [-79.5112739940851, 43.6682776863479], [-79.5123009338975, 43.673934879435], [-79.5088343590529, 43.6763880331836], [-79.5072424624144, 43.6792685938644], [-79.5054664261131, 43.6809204877818], [-79.5059693292834, 43.6822255448504], [-79.5088918924135, 43.6824411612983], [-79.5102330457978, 43.6841242759406], [-79.5069675282259, 43.6846648341138], [-79.5017945833462, 43.6839856856823], [-79.4988230873571, 43.6844764090065], [-79.4977402586953, 43.6810944025016], [-79.4968080692289, 43.6811319967585], [-79.4839997345502, 43.6842294065426], [-79.4828860637878, 43.6853500429621]]]}}, {"type": "Feature", "properties": {"code": "110", "name": "Keelesdale-Eglinton West"}, "geometry": {"type": "Polygon", "coordinates": [[[-79.4630648926798, 43.6893408822172], [-79.4604399259702, 43.6819014600604], [-79.4660094901153, 43.6802017157232], [-79.4724196246668, 43.6792191752864], [-79.4779580217942, 43.6828642798495], [-79.4870752988753, 43.6874628214689], [-79.4646206444876, 43.6921556119541], [-79.4630648926798, 43.6893408822172]]]}}, {"type": "Feature", "properties": {"code": "080", "name": "Palmerston-Little Italy"}, "geometry": {"type": "Polygon", "coordinates": [[[-79.4077229391202, 43.6564819597087], [-79.4154350668106, 43.6549277835583], [-79.4185877914656, 43.6552345701148], [-79.4264040485675, 43.6536003537334], [-79.4294380040694, 43.6611507627729], [-79.4112129935224, 43.6651157436919], [-79.4077229391202, 43.6564819597087]]]}}, {"type": "Feature", "properties": {"code": "079", "name": "University"}, "geometry": {"type": "Polygon", "coordinates": [[[-79.3904946032768, 43.65985884043], [-79.4077229391202, 43.6564819597087], [-79.4112129935224, 43.6651157436919], [-79.3941414134514, 43.6687202589369], [-79.3931507373503, 43.6663725095808], [-79.3938973834135, 43.6650125900408], [-79.393105976787, 43.6627650914668], [-79.3904946032768, 43.65985884043]]]}}, {"type": "Feature", "properties": {"code": "078", "name": "Kensington-Chinatown"}, "geometry": {"type": "Polygon", "coordinates": [[[-79.3904946032768, 43.65985884043], [-79.386628635294, 43.6508528459785], [-79.4040105032962, 43.6471882946161], [-79.4077229391202, 43.6564819597087], [-79.3904946032768, 43.65985884043]]]}}, {"type": "Feature", "properties": {"code": "074", "name": "North St.James Town"}, "geometry": {"type": "Polygon", "coordinates": [[[-79.3695619437857, 43.6681746406494], [-79.378347042732, 43.6662853071037], [-79.3805663805765, 43.6716108185391], [-79.3761626906382, 43.6724793153445], [-79.371020968168, 43.6716476408409], [-79.3695619437857, 43.6681746406494]]]}}, {"type": "Feature", "properties": {"code": "073", "name": "Moss Park"}, "geometry": {"type": "Polygon", "coordinates": [[[-79.3679818507972, 43.6642859062157], [-79.3644625518824, 43.6556157337935], [-79.3543248779628, 43.6578719917054], [-79.3517417941799, 43.6555656754336], [-79.3534777425656, 43.6563520573605], [-79.3548172158756, 43.655572899177], [-79.3546450480534, 43.6549107389496], [-79.3575082314579, 43.6544817387027], [-79.361265593668, 43.6519138630546], [-79.371464987273, 43.6494501962319], [-79.3767169389989, 43.6624188631426], [-79.3679818507972, 43.6642859062157]]]}}, {"type": "Feature", "properties": {"code": "072", "name": "Regent Park"}, "geometry": {"type": "Polygon", "coordinates": [[[-79.3543248779628, 43.6578719917054], [-79.3644625518824, 43.6556157337935], [-79.3670355368209, 43.6619503748952], [-79.3563035951961, 43.664533680567], [-79.3543248779628, 43.6578719917054]]]}}, {"type": "Feature", "properties": {"code": "071", "name": "Cabbagetown-South St.James Town"}, "geometry": {"type": "Polygon", "coordinates": [[[-79.3604567539121, 43.6718896374532], [-79.3595936348185, 43.6702773519791], [-79.3575079869779, 43.6686455395089], [-79.3563035951961, 43.664533680567], [-79.3670355368209, 43.6619503748952], [-79.3679818507972, 43.6642859062157], [-79.3767169389989, 43.6624188631426], [-79.378347042732, 43.6662853071037], [-79.3695619437857, 43.6681746406494], [-79.3714584663306, 43.6718889011165], [-79.3672723081543, 43.6744315369373], [-79.3633907880318, 43.6753226406503], [-79.3629509829299, 43.6732428267617], [-79.3604567539121, 43.6718896374532]]]}}, {"type": "Feature", "properties": {"code": "070", "name": "South Riverdale"}, "geometry": {"type": "Polygon", "coordinates": [[[-79.3284901003622, 43.6593266199598], [-79.3072445135612, 43.6639678864552], [-79.304897239968, 43.6656574427078], [-79.3039901751216, 43.6639357626748], [-79.3064212627985, 43.6605940802713], [-79.304969302645, 43.6598599201066], [-79.3061190724455, 43.6585629098809], [-79.3050286129688, 43.6566387724763], [-79.3076927243932, 43.6561911205034], [-79.3084902905865, 43.654175922725], [-79.309434145237, 43.6552669156907], [-79.3107003390217, 43.6551739111909], [-79.3112484775176, 43.6557616336387], [-79.308537794279, 43.6559717899132], [-79.3068647534963, 43.6569106336784], [-79.3074233737652, 43.6576178848817], [-79.3103437946717, 43.6583972973015], [-79.311203577523, 43.6572599960981], [-79.3104176630899, 43.6566870827769], [-79.3124405907595, 43.6567759235861], [-79.3116734890907, 43.6577783757148], [-79.311870004535, 43.6590074370718], [-79.3144073925375, 43.6609243523504], [-79.3133580721576, 43.6616502853797], [-79.3148226455202, 43.6619868780318], [-79.3180486766522, 43.6609147058301], [-79.3170668599223, 43.6607880292056], [-79.3131352772325, 43.6579202864746], [-79.3167487602612, 43.6572980671659], [-79.3160044572589, 43.6560932201891], [-79.3180075086009, 43.6543276971172], [-79.3201012518389, 43.6493886272717], [-79.3197755047527, 43.6461078193635], [-79.3212964716725, 43.6426853123828], [-79.320639405571, 43.6417759098873], [-79.3220625820318, 43.6389130863044], [-79.3216050527881, 43.6377686671214], [-79.323165395345, 43.6347744685149], [-79.3208563747197, 43.6332117345415], [-79.3219929341753, 43.63246996839], [-79.3223141316611, 43.6298580037952], [-79.321089104283, 43.6293470104437], [-79.3222798919771, 43.6289536436946], [-79.3227014639448, 43.6266968654887], [-79.3214220293968, 43.6258910492744], [-79.3226218009327, 43.6255579841139], [-79.323142770218, 43.6239913235329], [-79.3231239600726, 43.6230743486529], [-79.3217919711458, 43.6223782088669], [-79.3233650781778, 43.6221422751132], [-79.324061832496, 43.6208469942152], [-79.3242281637387, 43.6183583608064], [-79.3235356668823, 43.6173404856301], [-79.3272315421015, 43.6175315328612], [-79.3250544772182, 43.6194217945645], [-79.3248263847073, 43.6215817828322], [-79.3260338305603, 43.6220832045753], [-79.3283776410829, 43.6217767028635], [-79.3286572105745, 43.6213233614034], [-79.3267901812287, 43.6201079954423], [-79.3272018033815, 43.6188435874672], [-79.3295189280673, 43.6200946345379], [-79.3318624131694, 43.6204088338225], [-79.3370970425623, 43.6191421195379], [-79.3418357649579, 43.6147152451423], [-79.3429669117922, 43.6128207459115], [-79.3436069778167, 43.6127692710645], [-79.3441227420691, 43.6132564751467], [-79.34376564219, 43.6167266004795], [-79.3447772699456, 43.6181515337838], [-79.3433797330289, 43.6203484108326], [-79.3450538310093, 43.6217728242428], [-79.3432936095393, 43.622146125565], [-79.3428494505304, 43.6196725865394], [-79.3412294740509, 43.6194993394108], [-79.339748490746, 43.6205144230563], [-79.3397621383915, 43.6212120511682], [-79.343203468705, 43.6233850091241], [-79.3401827840806, 43.62405645338], [-79.3404505954143, 43.6236435101088], [-79.3388798961939, 43.62301604278], [-79.3391745061399, 43.6224477039527], [-79.3386662972495, 43.622141867286], [-79.336899921394, 43.6231918229289], [-79.3382297920379, 43.6231369226689], [-79.3370274086909, 43.6248351385179], [-79.3386266682232, 43.6281465188925], [-79.3398294950177, 43.6292153797315], [-79.3394661355856, 43.6293905952484], [-79.3374389720478, 43.6290245694026], [-79.3368915575573, 43.627513508705], [-79.3349891919605, 43.6274297750581], [-79.3357581060723, 43.6263462050465], [-79.3348707911518, 43.6252512569088], [-79.3343257845506, 43.6251597162665], [-79.3343051291721, 43.625984925558], [-79.3309897529194, 43.6261253097238], [-79.3315376581647, 43.6272434978308], [-79.3299257324168, 43.6283867366576], [-79.3286887224951, 43.6303809394327], [-79.3289084099845, 43.6309421090685], [-79.3313482329035, 43.6312604231127], [-79.3325360422295, 43.6301573476237], [-79.3327926120402, 43.6306945751395], [-79.3338241927704, 43.6304321765456], [-79.3339762439017, 43.6294207310476], [-79.3351922607822, 43.6297277998112], [-79.336125347718, 43.6290860906995], [-79.3363385204461, 43.6299209061776], [-79.3345155404526, 43.6316343879072], [-79.329645495398, 43.6330081643427], [-79.329544251926, 43.6336677340291], [-79.3294730998719, 43.6331297680859], [-79.3244682208688, 43.6364560893693], [-79.3229740717941, 43.6382811104751], [-79.321581620265, 43.644724171963], [-79.3243223243259, 43.6452055431525], [-79.3262970315575, 43.6407976459734], [-79.3247118338007, 43.6400705976071], [-79.3267074952547, 43.6404337042534], [-79.3288608420209, 43.6381104703536], [-79.3286578924433, 43.6374771173489], [-79.3295540598175, 43.6370642315287], [-79.3309544886804, 43.6387432138911], [-79.3274430094372, 43.6415424989489], [-79.3271611845698, 43.6432783028154], [-79.3285136173413, 43.6443049835252], [-79.3268227780294, 43.6439759009155], [-79.3253599461881, 43.6456348059853], [-79.3259009319821, 43.646898900843], [-79.3288741482392, 43.6474135336154], [-79.3373730147543, 43.6403415200555], [-79.3361867962525, 43.6394216410207], [-79.3344503623569, 43.6405025811843], [-79.3358035602053, 43.639377767585], [-79.3405429499593, 43.6391665082944], [-79.3455101015291, 43.6349925025937], [-79.3469069686649, 43.6345252566421], [-79.3470391608025, 43.6332185403907], [-79.349647800299, 43.6333942966004], [-79.3598538981138, 43.6452985787937], [-79.3607515723032, 43.6472124571607], [-79.3593578631225, 43.6454969358376], [-79.3472969332, 43.6507487979107], [-79.349518196323, 43.6535942010135], [-79.3542050943883, 43.6576642319021], [-79.3563035951961, 43.664533680567], [-79.3423093678567, 43.6677540748587], [-79.3374374641644, 43.6716253199737], [-79.3296677173655, 43.6749402385088], [-79.3253080061159, 43.6643976036872], [-79.3302242104706, 43.6632392475833], [-79.3284901003622, 43.6593266199598]]]}}, {"type": "Feature", "properties": {"code": "069", "name": "Blake-Jones"}, "geometry": {"type": "Polygon", "coordinates": [[[-79.3407277618912, 43.669271648852], [-79.3448427955269, 43.6789519744257], [-79.3323827283143, 43.6814841395955], [-79.3296677173655, 43.6749402385088], [-79.3369177821329, 43.6719126221757], [-79.3407277618912, 43.669271648852]]]}}, {"type": "Feature", "properties": {"code": "068", "name": "North Riverdale"}, "geometry": {"type": "Polygon", "coordinates": [[[-79.3559638961245, 43.6646025453411], [-79.3575570227142, 43.6687221119361], [-79.3595936348185, 43.6702773519791], [-79.3605255527314, 43.6719707333508], [-79.3629509829299, 43.6732428267617], [-79.3633907880318, 43.6753226406503], [-79.3448427955269, 43.6789519744257], [-79.3408216886392, 43.6692131270176], [-79.3423093678567, 43.6677540748587], [-79.3559638961245, 43.6646025453411]]]}}, {"type": "Feature", "properties": {"code": "067", "name": "Playter Estates-Danforth"}, "geometry": {"type": "Polygon", "coordinates": [[[-79.3481233573242, 43.6825873473074], [-79.3462735708722, 43.6827238818469], [-79.3448427955269, 43.6789519744257], [-79.3633907880318, 43.6753226406503], [-79.3649564974, 43.6767286258956], [-79.36359511001, 43.6780636961134], [-79.364184635969, 43.6792029564521], [-79.3616931380513, 43.6797000190813], [-79.3623426724905, 43.6812628908926], [-79.3619669700076, 43.6818768583079], [-79.3575760508486, 43.6817029492573], [-79.3572160468674, 43.6824433169487], [-79.3487521196098, 43.6840800847235], [-79.3481233573242, 43.6825873473074]]]}}, {"type": "Feature", "properties": {"code": "066", "name": "Danforth"}, "geometry": {"type": "Polygon", "coordinates": [[[-79.3148431791847, 43.6891841272422], [-79.3127789581771, 43.6856848129056], [-79.3448427955269, 43.6789519744257], [-79.3462735708722, 43.6827238818469], [-79.3148431791847, 43.6891841272422]]]}}, {"type": "Feature", "properties": {"code": "065", "name": "Greenwood-Coxwell"}, "geometry": {"type": "Polygon", "coordinates": [[[-79.3236391639849, 43.6833659936377], [-79.3166024295598, 43.6663600585438], [-79.3148508769594, 43.6667397736822], [-79.3149506190155, 43.6657800149348], [-79.318065420718, 43.6650514779317], [-79.3198572922352, 43.663733576573], [-79.3294769427506, 43.661545892318], [-79.3302242104706, 43.6632392475833], [-79.3253080061159, 43.6643976036872], [-79.3323827283143, 43.6814841395955], [-79.3236391639849, 43.6833659936377]]]}}, {"type": "Feature", "properties": {"code": "064", "name": "Woodbine Corridor"}, "geometry": {"type": "Polygon", "coordinates": [[[-79.312593576031, 43.6672446525886], [-79.3166024295598, 43.6663600585438], [-79.3236391639849, 43.6833659936377], [-79.3127789581771, 43.6856848129056], [-79.3079266331559, 43.6739285106563], [-79.3102021855372, 43.6718088093515], [-79.312593576031, 43.6672446525886]]]}}, {"type": "Feature", "properties": {"code": "063", "name": "The Beaches"}, "geometry": {"type": "Polygon", "coordinates": [[[-79.2840604480069, 43.6808114397811], [-79.2800180366723, 43.6713772731776], [-79.2802639100983, 43.670839835873], [-79.281416486316, 43.670334028764], [-79.2821458341303, 43.6706827642592], [-79.2831766399471, 43.6698434601165], [-79.2834415146215, 43.6702783302579], [-79.2855857345591, 43.6698323419322], [-79.2872885315515, 43.6686551159716], [-79.2871415174182, 43.6690575437746], [-79.2878784433206, 43.6691644361968], [-79.2895796701511, 43.6679960303525], [-79.2896730876894, 43.6685799655325], [-79.2905528874031, 43.668412625966], [-79.2968790861627, 43.66535766613], [-79.2996968055942, 43.6656140274659], [-79.3026490975302, 43.6648903963769], [-79.3039901751216, 43.6639357626748], [-79.304897239968, 43.6656574427078], [-79.3072445135612, 43.6639678864552], [-79.3284364268527, 43.6592354908109], [-79.3294769427506, 43.661545892318], [-79.3198572922352, 43.663733576573], [-79.318065420718, 43.6650514779317], [-79.3149506190155, 43.6657800149348], [-79.3148508769594, 43.6667397736822], [-79.312593576031, 43.6672446525886], [-79.3102021855372, 43.6718088093515], [-79.3065545204095, 43.6751362354366], [-79.3045153481097, 43.6767354691475], [-79.3004754622186, 43.6784065683529], [-79.292828392246, 43.6800830243655], [-79.2840604480069, 43.6808114397811]]]}}, {"type": "Feature", "properties": {"code": "062", "name": "East End-Danforth"}, "geometry": {"type": "Polygon", "coordinates": [[[-79.2943010227905, 43.6924717811452], [-79.2926902449768, 43.6887077340842], [-79.2877565107521, 43.689778817417], [-79.2840604480069, 43.6808114397811], [-79.292828392246, 43.6800830243655], [-79.3004754622186, 43.6784065683529], [-79.304886065973, 43.6765255257013], [-79.3079266331559, 43.6739285106563], [-79.3130910805215, 43.6863982358606], [-79.3081399705166, 43.6875522719595], [-79.3088786958401, 43.689277240195], [-79.3041490683668, 43.6904038029145], [-79.2943010227905, 43.6924717811452]]]}}, {"type": "Feature", "properties": {"code": "061", "name": "Taylor-Massey"}, "geometry": {"type": "Polygon", "coordinates": [[[-79.2934760737158, 43.7030164766472], [-79.2877565107521, 43.689778817417], [-79.2926902449768, 43.6887077340842], [-79.2943010227905, 43.6924717811452], [-79.3028367436306, 43.690406830658], [-79.306311790562, 43.6980480795935], [-79.2973354203353, 43.6949154257988], [-79.2969304348811, 43.7022568461024], [-79.2934760737158, 43.7030164766472]]]}}, {"type": "Feature", "properties": {"code": "060", "name": "Woodbine-Lumsden"}, "geometry": {"type": "Polygon", "coordinates": [[[-79.306311790562, 43.6980480795935], [-79.3028367436306, 43.690406830658], [-79.3088786958401, 43.689277240195], [-79.3081399705166, 43.6875522719595], [-79.3130910805215, 43.6863982358606], [-79.3193717434088, 43.7011360015988], [-79.306311790562, 43.6980480795935]]]}}, {"type": "Feature", "properties": {"code": "059", "name": "Danforth East York"}, "geometry": {"type": "Polygon", "coordinates": [[[-79.3174320505683, 43.6964443409243], [-79.3130910805215, 43.6863982358606], [-79.3135724833219, 43.6862924735851], [-79.3148431791847, 43.6891841272422], [-79.3462735708722, 43.6827238818469], [-79.3488156529768, 43.6894326581708], [-79.3174320505683, 43.6964443409243]]]}}, {"type": "Feature", "properties": {"code": "058", "name": "Old East York"}, "geometry": {"type": "Polygon", "coordinates": [[[-79.3321194840694, 43.7030365489097], [-79.3316137103343, 43.7017638524802], [-79.3302864130642, 43.7015685240519], [-79.3241158295179, 43.7014936485667], [-79.3219497111218, 43.7024846031543], [-79.3193717434088, 43.7011360015988], [-79.3174320505683, 43.6964443409243], [-79.3488156529768, 43.6894326581708], [-79.3510338087942, 43.6951192392174], [-79.3492771266408, 43.697051601145], [-79.3504107389638, 43.6996517699781], [-79.348369420045, 43.699930712451], [-79.3443299782682, 43.6982865631383], [-79.3413746566804, 43.6994639546041], [-79.3357310484853, 43.7030789804026], [-79.3321194840694, 43.7030365489097]]]}}, {"type": "Feature", "properties": {"code": "089", "name": "Runnymede-Bloor West Village"}, "geometry": {"type": "Polygon", "coordinates": [[[-79.4826282870365, 43.6668282386107], [-79.4826741440641, 43.6650965504208], [-79.480806451895, 43.660327467222], [-79.4801349041802, 43.6604479705243], [-79.4763045778989, 43.6511352153196], [-79.4844830374883, 43.6493303687947], [-79.48902837959, 43.6604130296528], [-79.4950830766752, 43.6594098993345], [-79.4955230747892, 43.6596975734532], [-79.4942144625919, 43.6610264013568], [-79.4947415526718, 43.6627903390111], [-79.4962873846813, 43.6644227027368], [-79.4992334359513, 43.6658617323467], [-79.4826282870365, 43.6668282386107]]]}}, {"type": "Feature", "properties": {"code": "088", "name": "High Park North"}, "geometry": {"type": "Polygon", "coordinates": [[[-79.456019537177, 43.6631304954496], [-79.4498705732511, 43.6568753864178], [-79.4763045778989, 43.6511352153196], [-79.4800151753524, 43.6600601266769], [-79.4708230335431, 43.6625427550679], [-79.4692807498586, 43.6602623196264], [-79.456019537177, 43.6631304954496]]]}}, {"type": "Feature", "properties": {"code": "087", "name": "High Park-Swansea"}, "geometry": {"type": "Polygon", "coordinates": [[[-79.4524538746396, 43.6563210256757], [-79.4461898424127, 43.6389312111373], [-79.4468953196778, 43.6381716805553], [-79.4544812477591, 43.6392454958796], [-79.4603934536483, 43.6388380983556], [-79.465753401951, 43.6373545028909], [-79.4742448157033, 43.633436187112], [-79.4754993659415, 43.6341070392367], [-79.4774989205305, 43.6377333518459], [-79.4848333120482, 43.6384761119348], [-79.4852160621916, 43.6420330023085], [-79.4897980092811, 43.6414557227842], [-79.4928177126921, 43.646729981823], [-79.4926212023891, 43.6474363515455], [-79.4524538746396, 43.6563210256757]]]}}, {"type": "Feature", "properties": {"code": "086", "name": "Roncesvalles"}, "geometry": {"type": "Polygon", "coordinates": [[[-79.4282100821178, 43.6423113693663], [-79.4462194215962, 43.6387153359734], [-79.4524538746396, 43.6563210256757], [-79.4498705732511, 43.6568753864178], [-79.4412661609028, 43.6486774438262], [-79.4282100821178, 43.6423113693663]]]}}, {"type": "Feature", "properties": {"code": "085", "name": "South Parkdale"}, "geometry": {"type": "Polygon", "coordinates": [[[-79.4214594369987, 43.640610990641], [-79.4195724270566, 43.6358185950352], [-79.4289399198045, 43.6334439891159], [-79.4277754764607, 43.629793474517], [-79.4336237159847, 43.6308452769194], [-79.4392648126424, 43.6331437315713], [-79.4411410113958, 43.6348739964159], [-79.4432248693244, 43.6347150777116], [-79.4468354531456, 43.6363479907665], [-79.4491806072693, 43.6361714150438], [-79.4552313714757, 43.6374783080943], [-79.4639407735482, 43.6356961967791], [-79.4680463913679, 43.6340347361142], [-79.4712285274865, 43.6316992617766], [-79.4742448157033, 43.633436187112], [-79.4652966983763, 43.6375299011064], [-79.4592922273806, 43.6390087557293], [-79.4534642113021, 43.6391820767416], [-79.4468953196778, 43.6381716805553], [-79.4282100821178, 43.6423113693663], [-79.4214594369987, 43.640610990641]]]}}, {"type": "Feature", "properties": {"code": "084", "name": "Little Portugal"}, "geometry": {"type": "Polygon", "coordinates": [[[-79.4262778592638, 43.653274486341], [-79.4213971910843, 43.6406113979274], [-79.4274866113555, 43.641934889346], [-79.4398267402058, 43.6477945974978], [-79.4440459052179, 43.6509120671414], [-79.4356026658537, 43.649889919735], [-79.4363574380256, 43.6518134020441], [-79.4262778592638, 43.653274486341]]]}}, {"type": "Feature", "properties": {"code": "083", "name": "Dufferin Grove"}, "geometry": {"type": "Polygon", "coordinates": [[[-79.4264040485675, 43.6536003537334], [-79.4363574380256, 43.6518134020441], [-79.4356026658537, 43.649889919735], [-79.4414463054379, 43.6503205189275], [-79.4440459052179, 43.6509120671414], [-79.4498705732511, 43.6568753864178], [-79.4294380040694, 43.6611507627729], [-79.4264040485675, 43.6536003537334]]]}}, {"type": "Feature", "properties": {"code": "081", "name": "Trinity-Bellwoods"}, "geometry": {"type": "Polygon", "coordinates": [[[-79.4077229391202, 43.6564819597087], [-79.4040105032962, 43.6471882946161], [-79.4224102955295, 43.6434915575895], [-79.4264040485675, 43.6536003537334], [-79.4185877914656, 43.6552345701148], [-79.4152941182296, 43.6549377247146], [-79.4077229391202, 43.6564819597087]]]}}, {"type": "Feature", "properties": {"code": "047", "name": "Don Valley Village"}, "geometry": {"type": "Polygon", "coordinates": [[[-79.3436584421639, 43.7951448589785], [-79.3396284228729, 43.7760356749849], [-79.3426137772279, 43.7760745963681], [-79.3641360737321, 43.7716437587068], [-79.3680670623351, 43.7900120952794], [-79.3436584421639, 43.7951448589785]]]}}, {"type": "Feature", "properties": {"code": "046", "name": "Pleasant View"}, "geometry": {"type": "Polygon", "coordinates": [[[-79.3260590876745, 43.7746912997625], [-79.3396284228729, 43.7760356749849], [-79.344402157506, 43.7994862446105], [-79.3355355837954, 43.8023292553739], [-79.3230171105627, 43.7752446208589], [-79.3260590876745, 43.7746912997625]]]}}, {"type": "Feature", "properties": {"code": "044", "name": "Flemingdon Park"}, "geometry": {"type": "Polygon", "coordinates": [[[-79.3260788560239, 43.7203950932518], [-79.3242280438053, 43.7206161681707], [-79.3224846311307, 43.7194684250006], [-79.3239343131409, 43.7181279685575], [-79.3233613576347, 43.7166238662588], [-79.3195020581948, 43.7156321727074], [-79.3192935806093, 43.7126883057978], [-79.319897663001, 43.7116586147618], [-79.3379058018873, 43.7076988917961], [-79.3380091279239, 43.7091818801338], [-79.3402840949513, 43.7113686353943], [-79.3394939779139, 43.7124861245228], [-79.3398549250256, 43.7130093520262], [-79.3411041519205, 43.7126928468338], [-79.3428587112222, 43.7133543717086], [-79.3449448086809, 43.7152190049102], [-79.3460604284191, 43.7151486287784], [-79.3466048259315, 43.7160582355423], [-79.3489195159251, 43.7163104551611], [-79.3520856826328, 43.7156617710615], [-79.3526276415439, 43.7162332047491], [-79.3223409311555, 43.7251915897214], [-79.3233626227124, 43.7220442681305], [-79.3266874494882, 43.7211454525702], [-79.3260788560239, 43.7203950932518]]]}}, {"type": "Feature", "properties": {"code": "043", "name": "Victoria Village"}, "geometry": {"type": "Polygon", "coordinates": [[[-79.3097937613677, 43.7421440414463], [-79.2991612731096, 43.7163729536324], [-79.3053385934507, 43.7151007906986], [-79.3048120709587, 43.7168506639461], [-79.3111946799253, 43.7154524544017], [-79.311988986166, 43.7172720351229], [-79.3200740071906, 43.7155584000227], [-79.3235682782922, 43.7169392297371], [-79.3239343131409, 43.7181279685575], [-79.3224746688161, 43.7192906798429], [-79.3228540587764, 43.7198320905464], [-79.3242280438053, 43.7206161681707], [-79.3264586546405, 43.7204946842484], [-79.3267332440222, 43.7210515849772], [-79.3233626227124, 43.7220442681305], [-79.3223420456504, 43.7250790669383], [-79.3231963496701, 43.726331572968], [-79.3230487063429, 43.7272044646374], [-79.3186693036992, 43.7290699751468], [-79.3204172497087, 43.7298243198181], [-79.3197224835838, 43.7313894945882], [-79.3230141121545, 43.7294727405718], [-79.3251231614684, 43.7294489560792], [-79.3248202722967, 43.7316902762524], [-79.3276576922108, 43.7330759094221], [-79.3281962206347, 43.734143428653], [-79.3293974799767, 43.7339337080936], [-79.3309772938696, 43.7347192249016], [-79.3306592402199, 43.7362421484537], [-79.3315571888463, 43.737091975568], [-79.3301388036854, 43.738629112345], [-79.3305547263697, 43.7397898698121], [-79.3097937613677, 43.7421440414463]]]}}, {"type": "Feature", "properties": {"code": "042", "name": "Banbury-Don Mills"}, "geometry": {"type": "Polygon", "coordinates": [[[-79.3452871691637, 43.7528896509851], [-79.346398885591, 43.7515066489861], [-79.3425259790156, 43.7507369607658], [-79.342216470668, 43.7475165513452], [-79.3391993547683, 43.7465330602501], [-79.3402719201477, 43.7447392729883], [-79.3392327196754, 43.743581601419], [-79.3365491199478, 43.7435567954858], [-79.3366617162429, 43.742283536792], [-79.3353837806929, 43.7407143577726], [-79.3322667885579, 43.7415200526056], [-79.3306570514905, 43.7412651859062], [-79.3301113504402, 43.738872113479], [-79.3315571888463, 43.737091975568], [-79.3306592402199, 43.7362421484537], [-79.3311142924835, 43.734975971348], [-79.3297429103939, 43.7340152431986], [-79.3281962206347, 43.734143428653], [-79.3276576922108, 43.7330759094221], [-79.3248202722967, 43.7316902762524], [-79.3251231614684, 43.7294489560792], [-79.3230141121545, 43.7294727405718], [-79.3197224835838, 43.7313894945882], [-79.3204172497087, 43.7298243198181], [-79.3186693036992, 43.7290699751468], [-79.3230487063429, 43.7272044646374], [-79.3231963496701, 43.726331572968], [-79.3223409311555, 43.7251915897214], [-79.3526276415439, 43.7162332047491], [-79.3531285514646, 43.7209328091207], [-79.3498710445459, 43.7231223518642], [-79.3506781037282, 43.72429206754], [-79.3501633601026, 43.7255180111932], [-79.3527769621701, 43.7262476185142], [-79.3546244116204, 43.7296009007675], [-79.3571732618104, 43.7299340453715], [-79.3576053894949, 43.7311775378229], [-79.3594263025564, 43.7319011234844], [-79.3592440973555, 43.7331740512526], [-79.3605675659391, 43.7332313549749], [-79.3633056094961, 43.7347889402611], [-79.3635252420833, 43.7358089065868], [-79.3644797831138, 43.7364071295535], [-79.3669503736811, 43.7366371959885], [-79.368868851565, 43.7381084216022], [-79.36961236314, 43.7380286932411], [-79.3710085497301, 43.7391672126033], [-79.3706370599098, 43.7405685075574], [-79.3728814068788, 43.7404805904022], [-79.3780870473845, 43.7434887967725], [-79.3788342434652, 43.7451365160317], [-79.3784032508405, 43.7459182184751], [-79.3826710557845, 43.7488077189862], [-79.3439019872107, 43.7564970577451], [-79.3436281411991, 43.7552265070695], [-79.345649551017, 43.7541907058421], [-79.3452871691637, 43.7528896509851]]]}}, {"type": "Feature", "properties": {"code": "041", "name": "Bridle Path-Sunnybrook-York Mills"}, "geometry": {"type": "Polygon", "coordinates": [[[-79.3788342434652, 43.7451365160317], [-79.3780870473845, 43.7434887967725], [-79.3728814068788, 43.7404805904022], [-79.3706370599098, 43.7405685075574], [-79.3710085497301, 43.7391672126033], [-79.3677146309855, 43.7368936998019], [-79.3644797831138, 43.7364071295535], [-79.3635252420833, 43.7358089065868], [-79.3633056094961, 43.7347889402611], [-79.3605675659391, 43.7332313549749], [-79.3592059126775, 43.7331477296358], [-79.3594263025564, 43.7319011234844], [-79.3576053894949, 43.7311775378229], [-79.3571732618104, 43.7299340453715], [-79.3546244116204, 43.7296009007675], [-79.3527769621701, 43.7262476185142], [-79.3501633601026, 43.7255180111932], [-79.3506781037282, 43.72429206754], [-79.3498710445459, 43.7231223518642], [-79.3516768475283, 43.7223531586366], [-79.3527592566797, 43.7209593467533], [-79.3532336961347, 43.7217115341068], [-79.3780924657456, 43.7167174484068], [-79.3774895937259, 43.7130910609751], [-79.3857091654, 43.7113544192752], [-79.3882645271236, 43.7189465725686], [-79.3924078724052, 43.7369119060217], [-79.4045519105058, 43.7342625058279], [-79.4064978759447, 43.7433035454409], [-79.3826710557845, 43.7488077189862], [-79.3784032508405, 43.7459182184751], [-79.3788342434652, 43.7451365160317]]]}}, {"type": "Feature", "properties": {"code": "040", "name": "St.Andrew-Windfields"}, "geometry": {"type": "Polygon", "coordinates": [[[-79.3576120619284, 43.7647503154302], [-79.354882878012, 43.7645887861686], [-79.3540266788353, 43.7636210321356], [-79.3499452445423, 43.7637420332348], [-79.3494257056606, 43.7632867453245], [-79.3497561848841, 43.7610039490862], [-79.3464812349852, 43.7595032580409], [-79.3439019872107, 43.7564970577451], [-79.3599702259251, 43.7529544978379], [-79.3641497760943, 43.7527897072987], [-79.3806595835053, 43.7493479680547], [-79.3841557780935, 43.7480593610023], [-79.4064978759447, 43.7433035454409], [-79.4081097503073, 43.7497935450057], [-79.408388704346, 43.7536163537944], [-79.3966168137876, 43.7607443203848], [-79.3921283194167, 43.7622404898496], [-79.374507942057, 43.7656928980068], [-79.3596639736131, 43.7664854719764], [-79.3593907238635, 43.7657054721828], [-79.3576120619284, 43.7647503154302]]]}}, {"type": "Feature", "properties": {"code": "039", "name": "Bedford Park-Nortown"}, "geometry": {"type": "Polygon", "coordinates": [[[-79.4270088430639, 43.7083374174156], [-79.4337057575797, 43.7361463959232], [-79.4187485889622, 43.7453796788985], [-79.4145882372454, 43.7495990040823], [-79.408388704346, 43.7536163537944], [-79.4081097503073, 43.7497935450057], [-79.4049325459367, 43.7360109602945], [-79.4169804342667, 43.733337737064], [-79.4134997071054, 43.7187617863675], [-79.4222178139707, 43.7170306293103], [-79.4193292325675, 43.7099545900674], [-79.4270088430639, 43.7083374174156]]]}}, {"type": "Feature", "properties": {"code": "038", "name": "Lansing-Westgate"}, "geometry": {"type": "Polygon", "coordinates": [[[-79.416131468878, 43.768086258591], [-79.415372322068, 43.7663316308184], [-79.4122474447867, 43.7666877822519], [-79.408388704346, 43.7536163537944], [-79.4145882372454, 43.7495990040823], [-79.4187485889622, 43.7453796788985], [-79.4337057575797, 43.7361463959232], [-79.4384816497598, 43.7554584172991], [-79.430024501655, 43.7572847643353], [-79.4332230331755, 43.7572424369342], [-79.4352580703734, 43.7588637140975], [-79.4377072311299, 43.75903151614], [-79.438139581529, 43.7593962991111], [-79.4376564480818, 43.7604447200018], [-79.4399843054519, 43.7615576575324], [-79.440433878524, 43.7633975096661], [-79.4376390131686, 43.7633366111357], [-79.416131468878, 43.768086258591]]]}}, {"type": "Feature", "properties": {"code": "037", "name": "Willowdale West"}, "geometry": {"type": "Polygon", "coordinates": [[[-79.4155776979575, 43.7797690847475], [-79.4122474447867, 43.7666877822519], [-79.415372322068, 43.7663316308184], [-79.416131468878, 43.768086258591], [-79.4376390131686, 43.7633366111357], [-79.440433878524, 43.7633975096661], [-79.4430086064516, 43.7738592220085], [-79.4155776979575, 43.7797690847475]]]}}, {"type": "Feature", "properties": {"code": "036", "name": "Newtonbrook West"}, "geometry": {"type": "Polygon", "coordinates": [[[-79.4426828709478, 43.7738905722031], [-79.4466552188864, 43.7882628654169], [-79.4454014110689, 43.7906925814683], [-79.4457551676068, 43.792407466692], [-79.4200839974754, 43.7979996638996], [-79.4155776979575, 43.7797690847475], [-79.4426828709478, 43.7738905722031]]]}}, {"type": "Feature", "properties": {"code": "035", "name": "Westminster-Branson"}, "geometry": {"type": "Polygon", "coordinates": [[[-79.4466749681326, 43.7887174323436], [-79.4399843054519, 43.7615576575324], [-79.4413085686494, 43.7612159941198], [-79.4423312232298, 43.7614456128558], [-79.4452416206435, 43.7643769203854], [-79.4459427549984, 43.7667389654957], [-79.4501963289894, 43.7685577944368], [-79.4505293871356, 43.7694278485045], [-79.452171663407, 43.7688270621203], [-79.4526615984253, 43.7695494392274], [-79.4553611278859, 43.7693398889772], [-79.456243188421, 43.7720297799609], [-79.4581192306423, 43.7712991287692], [-79.4618387794658, 43.7714462231341], [-79.4653410419976, 43.7724782967146], [-79.4659903311415, 43.7735221591167], [-79.4656594991757, 43.7742132597331], [-79.4586355746514, 43.7766772883316], [-79.4566305860381, 43.7786766568646], [-79.4582177672244, 43.7811162734651], [-79.459339652875, 43.7804876593705], [-79.4606580529416, 43.7809741291609], [-79.463388426744, 43.7840092708446], [-79.4674472183107, 43.7840046841857], [-79.4685484024702, 43.7847461831643], [-79.4663754888153, 43.7855994674784], [-79.4659721989359, 43.7867242304089], [-79.4668776723213, 43.7879183452341], [-79.4457551676068, 43.792407466692], [-79.4454014110689, 43.7906925814683], [-79.4466749681326, 43.7887174323436]]]}}, {"type": "Feature", "properties": {"code": "034", "name": "Bathurst Manor"}, "geometry": {"type": "Polygon", "coordinates": [[[-79.4671889830464, 43.7850491667006], [-79.4685316859353, 43.7846152748542], [-79.4674472183107, 43.7840046841857], [-79.463388426744, 43.7840092708446], [-79.4606580529416, 43.7809741291609], [-79.459339652875, 43.7804876593705], [-79.4582177672244, 43.7811162734651], [-79.4566305860381, 43.7786766568646], [-79.4586355746514, 43.7766772883316], [-79.4656594991757, 43.7742132597331], [-79.4659903311415, 43.7735221591167], [-79.4653410419976, 43.7724782967146], [-79.4618387794658, 43.7714462231341], [-79.4581192306423, 43.7712991287692], [-79.456243188421, 43.7720297799609], [-79.4553611278859, 43.7693398889772], [-79.4526615984253, 43.7695494392274], [-79.452171663407, 43.7688270621203], [-79.4505293871356, 43.7694278485045], [-79.4501963289894, 43.7685577944368], [-79.4459427549984, 43.7667389654957], [-79.4453821861499, 43.7645460028139], [-79.4421233606491, 43.7612890401793], [-79.4390203488284, 43.761453624674], [-79.4376564480818, 43.7604447200018], [-79.438139581529, 43.7593962991111], [-79.4377072311299, 43.75903151614], [-79.4352580703734, 43.7588637140975], [-79.4332230331755, 43.7572424369342], [-79.430024501655, 43.7572847643353], [-79.4627715358396, 43.750377309549], [-79.4700417641683, 43.7817849445896], [-79.4700896742123, 43.7872832010883], [-79.4668776723213, 43.7879183452341], [-79.4659721989359, 43.7867242304089], [-79.4671889830464, 43.7850491667006]]]}}, {"type": "Feature", "properties": {"code": "033", "name": "Clanton Park"}, "geometry": {"type": "Polygon", "coordinates": [[[-79.4384816497598, 43.7554584172991], [-79.4337057575797, 43.7361463959232], [-79.4424631269034, 43.731465792861], [-79.4578895935991, 43.7280684568822], [-79.4589187489923, 43.7320926175714], [-79.4528633906014, 43.7333831006134], [-79.4532689493056, 43.7340158915501], [-79.4527292624842, 43.7343597235937], [-79.455502136344, 43.7369047453218], [-79.4565026203026, 43.7403055849718], [-79.4587725287629, 43.7398593986955], [-79.4596698048113, 43.7420128911833], [-79.4528048635928, 43.7435261394012], [-79.4548978745396, 43.7487016719751], [-79.4582310399368, 43.7479971180423], [-79.4595133404656, 43.7510839034254], [-79.4384816497598, 43.7554584172991]]]}}, {"type": "Feature", "properties": {"code": "032", "name": "Englemount-Lawrence"}, "geometry": {"type": "Polygon", "coordinates": [[[-79.4271528809485, 43.7082860580461], [-79.4385437224714, 43.7058610834104], [-79.4424231686164, 43.7121167075983], [-79.4476622178064, 43.7255843987356], [-79.4485456417641, 43.7300836189305], [-79.4411845955306, 43.7319378058485], [-79.4337057575797, 43.7361463959232], [-79.4271528809485, 43.7082860580461]]]}}, {"type": "Feature", "properties": {"code": "031", "name": "Yorkdale-Glen Park"}, "geometry": {"type": "Polygon", "coordinates": [[[-79.4385437224714, 43.7058610834104], [-79.4671024031239, 43.6996734738175], [-79.4725666844101, 43.724869911206], [-79.4485456417641, 43.7300836189305], [-79.4476622178064, 43.7255843987356], [-79.4428009017299, 43.7130092014255], [-79.4385437224714, 43.7058610834104]]]}}, {"type": "Feature", "properties": {"code": "030", "name": "Brookhaven-Amesbury"}, "geometry": {"type": "Polygon", "coordinates": [[[-79.4671024031239, 43.6996734738175], [-79.4976441672417, 43.6929849332713], [-79.5041510283652, 43.6963525802959], [-79.5021928156235, 43.6967630933814], [-79.5023795727011, 43.6975937194396], [-79.5053547971438, 43.6969167039829], [-79.5082464649722, 43.6983412735933], [-79.5028939689781, 43.6995533413531], [-79.503838440834, 43.7028780716764], [-79.4697772296536, 43.7108043873044], [-79.4671024031239, 43.6996734738175]]]}}, {"type": "Feature", "properties": {"code": "029", "name": "Maple Leaf"}, "geometry": {"type": "Polygon", "coordinates": [[[-79.4697772296536, 43.7108043873044], [-79.4876676307908, 43.7063743854014], [-79.4895766858406, 43.7100437270636], [-79.4924901429991, 43.7200968047367], [-79.4725666844101, 43.724869911206], [-79.4697772296536, 43.7108043873044]]]}}, {"type": "Feature", "properties": {"code": "028", "name": "Rustic"}, "geometry": {"type": "Polygon", "coordinates": [[[-79.5036873586775, 43.7029154859625], [-79.5078301632192, 43.717755170299], [-79.4924901429991, 43.7200968047367], [-79.4895766858406, 43.7100437270636], [-79.4876676307908, 43.7063743854014], [-79.5036873586775, 43.7029154859625]]]}}, {"type": "Feature", "properties": {"code": "027", "name": "York University Heights"}, "geometry": {"type": "Polygon", "coordinates": [[[-79.4701614799596, 43.7824067845578], [-79.4627715358396, 43.750377309549], [-79.4656369004514, 43.7504583896339], [-79.4691902639096, 43.7537277565787], [-79.4730943440592, 43.7554108588777], [-79.480286882443, 43.7543212637082], [-79.4827973995285, 43.7527250545892], [-79.4827403294317, 43.7471890535737], [-79.4836283996589, 43.7456705901806], [-79.497023646026, 43.7425188149772], [-79.4978842288617, 43.7435970086561], [-79.4979852993085, 43.7460069229831], [-79.5019292009025, 43.7471239025161], [-79.5056012053946, 43.7496447134176], [-79.5074891465629, 43.7501069971571], [-79.5074276792339, 43.7508891247002], [-79.5096555499971, 43.7512775401045], [-79.5096567388665, 43.7538061660511], [-79.5080813098485, 43.7541013655558], [-79.5073188357493, 43.7556284788457], [-79.5060737875381, 43.7564257515618], [-79.5067509180647, 43.7567901538904], [-79.5049932479741, 43.7585123341885], [-79.504974590316, 43.7605560549058], [-79.5073958834561, 43.7608098923655], [-79.5087612397323, 43.7624285600502], [-79.5082264410931, 43.7632767363077], [-79.5073799364863, 43.763331278259], [-79.5074611015587, 43.764941125293], [-79.5103524916844, 43.7671536686718], [-79.5122532157019, 43.7697988809149], [-79.5138825305891, 43.7701336012442], [-79.514955386769, 43.769465389874], [-79.5160160026122, 43.769982624574], [-79.5170274565311, 43.7718424982886], [-79.5188270002863, 43.7732290980184], [-79.5186198339203, 43.7740893284215], [-79.520379783437, 43.7744253026969], [-79.5217354553721, 43.7754707541951], [-79.4700896742123, 43.7872832010883], [-79.4701614799596, 43.7824067845578]]]}}, {"type": "Feature", "properties": {"code": "025", "name": "Glenfield-Jane Heights"}, "geometry": {"type": "Polygon", "coordinates": [[[-79.5060737875381, 43.7564257515618], [-79.5073188357493, 43.7556284788457], [-79.5080813098485, 43.7541013655558], [-79.5096567388665, 43.7538061660511], [-79.5096555499971, 43.7512775401045], [-79.5074276792339, 43.7508891247002], [-79.5074891465629, 43.7501069971571], [-79.5056012053946, 43.7496447134176], [-79.5019292009025, 43.7471239025161], [-79.4979510684849, 43.7459827721278], [-79.4978842288617, 43.7435970086561], [-79.4972227415035, 43.7433291993752], [-79.496921542778, 43.7412643577163], [-79.494773300181, 43.7392746591787], [-79.4942304126581, 43.7378257243747], [-79.495014804102, 43.7352663889406], [-79.5007078115727, 43.7341983377435], [-79.5065107367001, 43.7344952400542], [-79.5115406480766, 43.7328924799853], [-79.513221023395, 43.7393893286881], [-79.5262801160368, 43.7364015825288], [-79.5305639500698, 43.7545099906035], [-79.5052879181885, 43.7598734897798], [-79.5049989337746, 43.7584879047093], [-79.5067509180647, 43.7567901538904], [-79.5060737875381, 43.7564257515618]]]}}, {"type": "Feature", "properties": {"code": "057", "name": "Broadview North"}, "geometry": {"type": "Polygon", "coordinates": [[[-79.3505634883937, 43.6994077199823], [-79.3492985399392, 43.6969771887419], [-79.3510338087942, 43.6951192392174], [-79.3462735708722, 43.6827238818469], [-79.3480378681781, 43.6823884307794], [-79.3487521196098, 43.6840800847235], [-79.3572160468674, 43.6824433169487], [-79.3575760508486, 43.6817029492573], [-79.3619669700076, 43.6818768583079], [-79.3623426724905, 43.6812628908926], [-79.3616931380513, 43.6797000190813], [-79.364184635969, 43.6792029564521], [-79.3661084007488, 43.6806905146653], [-79.3661661639814, 43.6817211964597], [-79.3633904005832, 43.6832120762452], [-79.361708744228, 43.6851034790115], [-79.3625634908512, 43.6880065929483], [-79.3599379340575, 43.6916322161718], [-79.3615504201956, 43.6931402230286], [-79.3616687237251, 43.6941791963243], [-79.3596294000145, 43.6954279165008], [-79.3569281630571, 43.6954248824872], [-79.3546591265723, 43.6982289271303], [-79.3505634883937, 43.6994077199823]]]}}, {"type": "Feature", "properties": {"code": "056", "name": "Leaside-Bennington"}, "geometry": {"type": "Polygon", "coordinates": [[[-79.3594914379437, 43.702317365298], [-79.352842379966, 43.7019179111745], [-79.3516650521129, 43.7012183492414], [-79.3505634883937, 43.6994077199823], [-79.3550205923027, 43.6980465430698], [-79.3569281630571, 43.6954248824872], [-79.3596294000145, 43.6954279165008], [-79.3616687237251, 43.6941791963243], [-79.3615504201956, 43.6931402230286], [-79.3599379340575, 43.6916322161718], [-79.3625634908512, 43.6880065929483], [-79.361708744228, 43.6851034790115], [-79.3633904005832, 43.6832120762452], [-79.3663684190196, 43.6813973948914], [-79.364184635969, 43.6792029564521], [-79.3667665567991, 43.6785092211466], [-79.3679280796524, 43.6809261886196], [-79.3664742928814, 43.6840638593609], [-79.3675468973886, 43.6865607820496], [-79.3677239091645, 43.6892445718481], [-79.3737773497423, 43.6925355484372], [-79.3800815312822, 43.6950291767593], [-79.3717385497546, 43.6967500053845], [-79.376953984952, 43.710302794384], [-79.3780924657456, 43.7167174484068], [-79.3532336961347, 43.7217115341068], [-79.3526276415439, 43.7162332047491], [-79.3648021538861, 43.7135658780879], [-79.3606501712859, 43.7032672483506], [-79.3594914379437, 43.702317365298]]]}}, {"type": "Feature", "properties": {"code": "055", "name": "Thorncliffe Park"}, "geometry": {"type": "Polygon", "coordinates": [[[-79.3520856826328, 43.7156617710615], [-79.3464728273529, 43.7159921331258], [-79.3459165407929, 43.7150885315383], [-79.3449448086809, 43.7152190049102], [-79.3414781838446, 43.7127820465917], [-79.3395280156406, 43.7127934843732], [-79.3402840949513, 43.7113686353943], [-79.3380091279239, 43.7091818801338], [-79.338028437937, 43.7074622872519], [-79.3371996757313, 43.7067421514523], [-79.3381691260546, 43.7053350361048], [-79.3352930546464, 43.7041621666906], [-79.3352947037568, 43.7032471174263], [-79.3413746566804, 43.6994639546041], [-79.3445797587993, 43.6982616904347], [-79.348369420045, 43.699930712451], [-79.3505634883937, 43.6994077199823], [-79.3516650521129, 43.7012183492414], [-79.352842379966, 43.7019179111745], [-79.3584071342686, 43.7019155694318], [-79.3603725591199, 43.7029499746262], [-79.3648021538861, 43.7135658780879], [-79.3526276415439, 43.7162332047491], [-79.3520856826328, 43.7156617710615]]]}}, {"type": "Feature", "properties": {"code": "054", "name": "O'Connor-Parkview"}, "geometry": {"type": "Polygon", "coordinates": [[[-79.311988986166, 43.7172720351229], [-79.3111946799253, 43.7154524544017], [-79.3048120709587, 43.7168506639461], [-79.3053385934507, 43.7151007906986], [-79.2991612731096, 43.7163729536324], [-79.2934760737158, 43.7030164766472], [-79.2969304348811, 43.7022568461024], [-79.2973354203353, 43.6949154257988], [-79.3121483014205, 43.6998285615557], [-79.3206805419647, 43.701391097232], [-79.3219497111218, 43.7024846031543], [-79.3230809989551, 43.7016391954776], [-79.325166099527, 43.7014001342886], [-79.3313033230545, 43.7016569817106], [-79.3323542049731, 43.7032198713422], [-79.3354178284738, 43.7031996690207], [-79.3352930546464, 43.7041621666906], [-79.3381691260546, 43.7053350361048], [-79.3371996757313, 43.7067421514523], [-79.3379058018873, 43.7076988917961], [-79.319897663001, 43.7116586147618], [-79.3192935806093, 43.7126883057978], [-79.3195020581948, 43.7156321727074], [-79.311988986166, 43.7172720351229]]]}}, {"type": "Feature", "properties": {"code": "053", "name": "Henry Farm"}, "geometry": {"type": "Polygon", "coordinates": [[[-79.3277220887673, 43.7747028016896], [-79.3230171105627, 43.7752446208589], [-79.3195962388355, 43.7683652070138], [-79.3596639736131, 43.7664854719764], [-79.3610799246718, 43.7697477600149], [-79.3641360737321, 43.7716437587068], [-79.3416515566686, 43.7762157376909], [-79.3277220887673, 43.7747028016896]]]}}, {"type": "Feature", "properties": {"code": "052", "name": "Bayview Village"}, "geometry": {"type": "Polygon", "coordinates": [[[-79.3742994718044, 43.7657141907422], [-79.38715209799, 43.7633117314331], [-79.3921474261523, 43.7850055992226], [-79.3680670623351, 43.7900120952794], [-79.3641360737321, 43.7716437587068], [-79.3610799246718, 43.7697477600149], [-79.3596639736131, 43.7664854719764], [-79.3742994718044, 43.7657141907422]]]}}, {"type": "Feature", "properties": {"code": "050", "name": "Newtonbrook East"}, "geometry": {"type": "Polygon", "coordinates": [[[-79.3921474261523, 43.7850055992226], [-79.4155776979575, 43.7797690847475], [-79.4200839974754, 43.7979996638996], [-79.3962300579022, 43.8032701221787], [-79.3921474261523, 43.7850055992226]]]}}, {"type": "Feature", "properties": {"code": "049", "name": "Bayview Woods-Steeles"}, "geometry": {"type": "Polygon", "coordinates": [[[-79.3718462930843, 43.8059183533494], [-79.3680670623351, 43.7900120952794], [-79.3921474261523, 43.7850055992226], [-79.3962300579022, 43.8032701221787], [-79.3717562163925, 43.8086516200708], [-79.3718462930843, 43.8059183533494]]]}}, {"type": "Feature", "properties": {"code": "048", "name": "Hillcrest Village"}, "geometry": {"type": "Polygon", "coordinates": [[[-79.3434566072996, 43.7951657083605], [-79.3680670623351, 43.7900120952794], [-79.3718462930843, 43.8059183533494], [-79.3717562163925, 43.8086516200708], [-79.3413178929128, 43.8156507542373], [-79.3355355837954, 43.8023292553739], [-79.344402157506, 43.7994862446105], [-79.3434566072996, 43.7951657083605]]]}}, {"type": "Feature", "properties": {"code": "020", "name": "Alderwood"}, "geometry": {"type": "Polygon", "coordinates": [[[-79.526706727711, 43.6012795803453], [-79.5492099460416, 43.590273825179], [-79.5495707057377, 43.5918827513988], [-79.5487324653008, 43.594853545692], [-79.5537118939145, 43.5957648896934], [-79.5535885760788, 43.598294308728], [-79.5556914683583, 43.5996749530664], [-79.556311083331, 43.6025686391816], [-79.5597818493421, 43.605050237755], [-79.5521400754511, 43.6119192049924], [-79.5493255703793, 43.6135985438247], [-79.5302430020582, 43.6171542541256], [-79.5251605695834, 43.6051900107678], [-79.5251702618529, 43.6031827427955], [-79.526706727711, 43.6012795803453]]]}}, {"type": "Feature", "properties": {"code": "019", "name": "Long Branch"}, "geometry": {"type": "Polygon", "coordinates": [[[-79.5264682297979, 43.6011744359936], [-79.5262343909075, 43.6006722635801], [-79.5241940680989, 43.6011473324725], [-79.5224937809504, 43.5969554828844], [-79.5217249957937, 43.5971276041784], [-79.5190433594646, 43.5904815731276], [-79.5275456732272, 43.5895723318817], [-79.5297132536543, 43.5879065012177], [-79.5307356590664, 43.5878927197337], [-79.5308362613886, 43.5885903147542], [-79.5339554777958, 43.5875444424225], [-79.5371092462849, 43.5880287129564], [-79.5422168310978, 43.583662959622], [-79.5434064053223, 43.5809960000775], [-79.5438825698345, 43.581392216061], [-79.5446515268285, 43.58527706857], [-79.5481579450944, 43.5869967340056], [-79.5464074329289, 43.5889304044527], [-79.5486574524729, 43.5902161102812], [-79.5264682297979, 43.6011744359936]]]}}, {"type": "Feature", "properties": {"code": "018", "name": "New Toronto"}, "geometry": {"type": "Polygon", "coordinates": [[[-79.4982053998071, 43.602937275929], [-79.4972746793843, 43.6024046155147], [-79.4968787004327, 43.6012277033657], [-79.4981556392887, 43.5997826759007], [-79.4978630860199, 43.5985134674422], [-79.4995620170387, 43.5975323291697], [-79.5004752216353, 43.5953089086974], [-79.5049649795236, 43.5942196625233], [-79.5057924357492, 43.5934545182876], [-79.5068290060371, 43.5941746581408], [-79.5106940059397, 43.5936064154149], [-79.5097045215891, 43.5927216969876], [-79.5105856922729, 43.5926433511641], [-79.5096324329726, 43.5924284807628], [-79.5105869600611, 43.5921041010018], [-79.5108719611958, 43.5910429198154], [-79.5086776697182, 43.5903185622553], [-79.5103599311645, 43.5891745440194], [-79.5103643259658, 43.5880109610247], [-79.5092461388291, 43.5873828810108], [-79.510316430501, 43.5870967500115], [-79.5142029956302, 43.5870908873558], [-79.5172589724281, 43.5883926271138], [-79.5130750124107, 43.587709080228], [-79.5110720334125, 43.58903148911], [-79.5116151750561, 43.5902876875998], [-79.5129876125491, 43.5906657541034], [-79.5157215294469, 43.5900902267918], [-79.5149144736353, 43.5889695454502], [-79.5164452632013, 43.5888728038621], [-79.5168162737195, 43.5903431019464], [-79.5190529890032, 43.5905822078001], [-79.5217249957937, 43.5971276041784], [-79.5224937809504, 43.5969554828844], [-79.5241940680989, 43.6011473324725], [-79.5262343909075, 43.6006722635801], [-79.526706727711, 43.6012795803453], [-79.5025698672156, 43.6134526393063], [-79.4982053998071, 43.602937275929]]]}}, {"type": "Feature", "properties": {"code": "016", "name": "Stonegate-Queensway"}, "geometry": {"type": "Polygon", "coordinates": [[[-79.4894362098195, 43.6412305565186], [-79.4852160621916, 43.6420330023085], [-79.4848333120482, 43.6384761119348], [-79.4774989205305, 43.6377333518459], [-79.4754993659415, 43.6341070392367], [-79.4742448157033, 43.633436187112], [-79.4822300428686, 43.6274966799972], [-79.5131662192509, 43.6204861010973], [-79.5234380978566, 43.644648578551], [-79.499767231547, 43.6499742539777], [-79.4975636462276, 43.6500191990564], [-79.4919704392671, 43.6484661358722], [-79.4927043168302, 43.6459030909994], [-79.4894362098195, 43.6412305565186]]]}}, {"type": "Feature", "properties": {"code": "015", "name": "Kingsway South"}, "geometry": {"type": "Polygon", "coordinates": [[[-79.5015218018998, 43.6524000386048], [-79.4924811016878, 43.6521208223633], [-79.4914956669504, 43.6516256785584], [-79.4908779500622, 43.6500458471451], [-79.4919704392671, 43.6484661358722], [-79.4992140256451, 43.6500650752541], [-79.5170251455586, 43.6461104016946], [-79.5186172861003, 43.6472447308111], [-79.5222158083792, 43.6481620653821], [-79.5267942853406, 43.6509328915108], [-79.521888467788, 43.6562603086175], [-79.5055219916522, 43.6628054218342], [-79.4995196790461, 43.6586875469094], [-79.5000256761463, 43.6571662838643], [-79.5025082555512, 43.655136361417], [-79.5027792636753, 43.6532145747912], [-79.5015218018998, 43.6524000386048]]]}}, {"type": "Feature", "properties": {"code": "013", "name": "Etobicoke West Mall"}, "geometry": {"type": "Polygon", "coordinates": [[[-79.5672982457001, 43.6542474445788], [-79.5595857324343, 43.6362382298188], [-79.5636548698336, 43.6353058064085], [-79.5647066632576, 43.6365633393309], [-79.5683309033969, 43.6362220043498], [-79.5703346470943, 43.6385402470873], [-79.571650842721, 43.6412854889516], [-79.5738553925574, 43.6407653366583], [-79.5744007412614, 43.641729507407], [-79.5757748267952, 43.6422531869394], [-79.5724857277557, 43.6433405613273], [-79.5737623746979, 43.6452763355693], [-79.5769076588975, 43.6462580133418], [-79.5795007906438, 43.6514088177714], [-79.5672982457001, 43.6542474445788]]]}}, {"type": "Feature", "properties": {"code": "012", "name": "Markland Wood"}, "geometry": {"type": "Polygon", "coordinates": [[[-79.5788136080699, 43.6444175015058], [-79.5738553925574, 43.6407653366583], [-79.571650842721, 43.6412854889516], [-79.5703346470943, 43.6385402470873], [-79.5681662849727, 43.6361508116713], [-79.5647066632576, 43.6365633393309], [-79.5636548698336, 43.6353058064085], [-79.5595857324343, 43.6362382298188], [-79.5567688031798, 43.6285327906689], [-79.5637603220541, 43.6270261958096], [-79.5641084183987, 43.6279936873365], [-79.5668617232265, 43.62821715408], [-79.5683666151664, 43.6268030356577], [-79.5702159243806, 43.626959448225], [-79.5750646360305, 43.6254350948204], [-79.5855901572194, 43.6289192600873], [-79.5860033510324, 43.6297381578592], [-79.5850553371865, 43.6316433726355], [-79.5860570985871, 43.635324190413], [-79.5852630927936, 43.636958536447], [-79.5856954599234, 43.637889838113], [-79.581997664475, 43.6406502305673], [-79.5820981725572, 43.6413789368084], [-79.5788136080699, 43.6444175015058]]]}}, {"type": "Feature", "properties": {"code": "011", "name": "Eringate-Centennial-West Deane"}, "geometry": {"type": "Polygon", "coordinates": [[[-79.573587371485, 43.6733230159046], [-79.5631767235789, 43.6744777585563], [-79.5552462181995, 43.6570354304424], [-79.5795007906438, 43.6514088177714], [-79.5769076588975, 43.6462580133418], [-79.5737623746979, 43.6452763355693], [-79.5724857277557, 43.6433405613273], [-79.5758936329839, 43.6425594428711], [-79.5789317020469, 43.6443730162669], [-79.5820981725572, 43.6413789368084], [-79.581997664475, 43.6406502305673], [-79.5856954599234, 43.637889838113], [-79.588440205519, 43.6426044060662], [-79.5918098438861, 43.6446045276568], [-79.5967290709474, 43.6430387152024], [-79.6029348931984, 43.6446926264136], [-79.607812510238, 43.645051947701], [-79.6087346778182, 43.6464513270592], [-79.5887784056154, 43.6646223420356], [-79.5911932274785, 43.6687658349124], [-79.5820081381984, 43.6724622580357], [-79.5790635733052, 43.6749847122884], [-79.5776095645695, 43.6773469440133], [-79.573587371485, 43.6733230159046]]]}}, {"type": "Feature", "properties": {"code": "010", "name": "Princess-Rosethorn"}, "geometry": {"type": "Polygon", "coordinates": [[[-79.5390146385861, 43.6798351890888], [-79.5263982261143, 43.6513615114049], [-79.5307372725107, 43.6508943726448], [-79.5312685861175, 43.650020538436], [-79.5322001699815, 43.650185004744], [-79.5325794092284, 43.6520752099077], [-79.5374344012571, 43.6527850824749], [-79.5371680133123, 43.6542118753687], [-79.5381654663536, 43.6551521522389], [-79.5400428242673, 43.6548905157868], [-79.5396541389522, 43.653666475992], [-79.540476698974, 43.6535618079735], [-79.5432258448017, 43.6598581917921], [-79.5552462181995, 43.6570354304424], [-79.5631767235789, 43.6744777585563], [-79.5390146385861, 43.6798351890888]]]}}, {"type": "Feature", "properties": {"code": "009", "name": "Edenbridge-Humber Valley"}, "geometry": {"type": "Polygon", "coordinates": [[[-79.5105763527417, 43.6619677700783], [-79.5055219916522, 43.6628054218342], [-79.521888467788, 43.6562603086175], [-79.5263982261143, 43.6513615114049], [-79.5390146385861, 43.6798351890888], [-79.512485163719, 43.6855127197593], [-79.5074404361726, 43.6789085195114], [-79.5088343590529, 43.6763880331836], [-79.5124395694707, 43.673516302848], [-79.5112739940851, 43.6682776863479], [-79.5127975822426, 43.6668597437952], [-79.5130485756881, 43.6653429632245], [-79.5122116343354, 43.6626336614198], [-79.5105763527417, 43.6619677700783]]]}}, {"type": "Feature", "properties": {"code": "008", "name": "Humber Heights-Westmount"}, "geometry": {"type": "Polygon", "coordinates": [[[-79.5167814370365, 43.6968131809165], [-79.5135356370615, 43.6972481755086], [-79.5119646660856, 43.6966940784493], [-79.5132891036969, 43.6933839865311], [-79.5131128642543, 43.690783928708], [-79.509537389961, 43.6829136420469], [-79.5057022280713, 43.6819600378094], [-79.5055283952464, 43.6805649509284], [-79.5074404361726, 43.6789085195114], [-79.512485163719, 43.6855127197593], [-79.5266078344919, 43.6823346072809], [-79.534391404121, 43.7003302267963], [-79.5318742039343, 43.7032071804346], [-79.5317103004644, 43.7048994929877], [-79.5285699277462, 43.7024152124689], [-79.5211795820432, 43.6997169404401], [-79.5191460038347, 43.6972783919143], [-79.5167814370365, 43.6968131809165]]]}}, {"type": "Feature", "properties": {"code": "007", "name": "Willowridge-Martingrove-Richview"}, "geometry": {"type": "Polygon", "coordinates": [[[-79.53273893966, 43.6961613615563], [-79.5266078344919, 43.6823346072809], [-79.561302185168, 43.6747938164867], [-79.5735769830151, 43.6733058210602], [-79.5776095645695, 43.6773469440133], [-79.5694528644702, 43.6918715419045], [-79.558649130603, 43.6942496435162], [-79.5547031147666, 43.6856254035621], [-79.5491560161265, 43.6875481537131], [-79.5415640451089, 43.6889253590251], [-79.5367767286587, 43.6907870458925], [-79.5348894719375, 43.6935393694457], [-79.5346895511773, 43.6951841103065], [-79.53273893966, 43.6961613615563]]]}}, {"type": "Feature", "properties": {"code": "006", "name": "Kingsview Village-The Westway"}, "geometry": {"type": "Polygon", "coordinates": [[[-79.5389018828899, 43.7089999793716], [-79.5356588659721, 43.7078940159504], [-79.5359612062844, 43.7045893649173], [-79.5319383100965, 43.7049309339695], [-79.5316523958821, 43.7039138423286], [-79.534391404121, 43.7003302267963], [-79.53273893966, 43.6961613615563], [-79.5346895511773, 43.6951841103065], [-79.5348894719375, 43.6935393694457], [-79.5367767286587, 43.6907870458925], [-79.5415640451089, 43.6889253590251], [-79.5491560161265, 43.6875481537131], [-79.5547031147666, 43.6856254035621], [-79.558649130603, 43.6942496435162], [-79.5694528644702, 43.6918715419045], [-79.5558452810286, 43.7073071814191], [-79.5536407595541, 43.708901488974], [-79.5378418799993, 43.7129901010899], [-79.5395981412305, 43.7107121143573], [-79.5389018828899, 43.7089999793716]]]}}, {"type": "Feature", "properties": {"code": "005", "name": "Elms-Old Rexdale"}, "geometry": {"type": "Polygon", "coordinates": [[[-79.5467691226683, 43.7315579278604], [-79.5440766855671, 43.7322737136667], [-79.5438423966924, 43.7317832276212], [-79.5448550011636, 43.7310176939156], [-79.5445575244696, 43.730572240179], [-79.5408182419908, 43.7295790181857], [-79.5392827914331, 43.7308848162774], [-79.5394910991193, 43.7319469350095], [-79.5384626020749, 43.7317717616949], [-79.5388639021348, 43.7292601735046], [-79.5382788771441, 43.726906448073], [-79.5411448551335, 43.7259242630762], [-79.5407877210953, 43.7222652771005], [-79.5428034846283, 43.7203607758502], [-79.5440778940447, 43.7177047959644], [-79.5432628818159, 43.7169354460023], [-79.5409157095346, 43.7167428012782], [-79.5407375276308, 43.7153565722686], [-79.5382066350366, 43.7145787923277], [-79.5378418799993, 43.7129901010899], [-79.5523570128741, 43.7094692811074], [-79.5621319770931, 43.7300607971431], [-79.5565645172983, 43.7277592632223], [-79.5546725121902, 43.7294317586596], [-79.549710356573, 43.7306649883482], [-79.549235366256, 43.7327673507927], [-79.5467691226683, 43.7315579278604]]]}}, {"type": "Feature", "properties": {"code": "004", "name": "Rexdale-Kipling"}, "geometry": {"type": "Polygon", "coordinates": [[[-79.5549739021168, 43.714643410026], [-79.5667023469746, 43.7117034043633], [-79.5775147918407, 43.7338354281911], [-79.5738677486283, 43.7357282090896], [-79.5698113222228, 43.7358298260946], [-79.5681914704846, 43.734624639567], [-79.5665811930607, 43.7319071904447], [-79.5621319770931, 43.7300607971431], [-79.5549739021168, 43.714643410026]]]}}, {"type": "Feature", "properties": {"code": "003", "name": "Thistletown-Beaumond Heights"}, "geometry": {"type": "Polygon", "coordinates": [[[-79.5622596317223, 43.7437316341151], [-79.5622928648703, 43.7428537365903], [-79.5609980738264, 43.7425809419917], [-79.5630367186438, 43.7418451296102], [-79.5633475735529, 43.7408894245357], [-79.5610479696222, 43.7398050208845], [-79.5586727286483, 43.7402564698116], [-79.5603558723415, 43.742598961296], [-79.5583888298845, 43.742731553826], [-79.5578490680293, 43.7421316632333], [-79.558376260099, 43.741461209617], [-79.5576390620155, 43.7409556703172], [-79.5567936078822, 43.7414129143263], [-79.556459633581, 43.7431015458574], [-79.5512095828039, 43.7442382435337], [-79.5498387738438, 43.7435867745818], [-79.5503924993671, 43.7423371811865], [-79.5493378791571, 43.7425370182075], [-79.5491284763467, 43.7417600604244], [-79.5476142499566, 43.7417338956159], [-79.546403725737, 43.7409468859699], [-79.5464266315336, 43.7397896979675], [-79.5488746713003, 43.738024177013], [-79.5498804740324, 43.7379736507051], [-79.5505137839489, 43.7365602254473], [-79.5502851072173, 43.7358717595358], [-79.5490824084154, 43.7357940706652], [-79.5505578185309, 43.7347170068535], [-79.5503601407698, 43.7335339636106], [-79.54894705941, 43.7328708627545], [-79.5498728456888, 43.7317590354836], [-79.549710356573, 43.7306649883482], [-79.5546725121902, 43.7294317586596], [-79.5556645681388, 43.7281415735764], [-79.5569886357936, 43.7277287543831], [-79.5665811930607, 43.7319071904447], [-79.5681914704846, 43.734624639567], [-79.5702005801551, 43.7359781079113], [-79.5738677486283, 43.7357282090896], [-79.5775147918407, 43.7338354281911], [-79.5825641558105, 43.7442136393468], [-79.5800177310249, 43.7448481635858], [-79.579451860674, 43.7436577879315], [-79.5686210819156, 43.746247701096], [-79.5639816007272, 43.7452563526535], [-79.5622596317223, 43.7437316341151]]]}}, {"type": "Feature", "properties": {"code": "002", "name": "Mount Olive-Silverstone-Jamestown"}, "geometry": {"type": "Polygon", "coordinates": [[[-79.5793823406653, 43.7622183171211], [-79.5775339839154, 43.7621263156414], [-79.5806227685616, 43.7603638887415], [-79.5807665880048, 43.7589271345645], [-79.5838189764281, 43.7586957215887], [-79.5838615145655, 43.7574355326989], [-79.5851180283391, 43.7569514918955], [-79.5841345462512, 43.7544011825618], [-79.5831251031601, 43.7537221327563], [-79.583102609624, 43.7527494886288], [-79.5778956299184, 43.7503605466207], [-79.5732689816388, 43.7503607707071], [-79.5726947944886, 43.7497103323261], [-79.5731146584505, 43.7471657926449], [-79.5686210819156, 43.746247701096], [-79.579451860674, 43.7436577879315], [-79.5800177310249, 43.7448481635858], [-79.5825641558105, 43.7442136393468], [-79.5775147918407, 43.7338354281911], [-79.5804345938497, 43.7325282684546], [-79.5795084452833, 43.7286314270696], [-79.5812368684042, 43.7283155914603], [-79.5857435517923, 43.7290635158662], [-79.5876503491558, 43.7280747148686], [-79.6000529567273, 43.7540272825599], [-79.6033810657499, 43.7578610616191], [-79.5806438818039, 43.7630179182297], [-79.5793823406653, 43.7622183171211]]]}}, {"type": "Feature", "properties": {"code": "001", "name": "West Humber-Clairville"}, "geometry": {"type": "Polygon", "coordinates": [[[-79.6000529567273, 43.7540272825599], [-79.5876503491558, 43.7280747148686], [-79.5857435517923, 43.7290635158662], [-79.5812368684042, 43.7283155914603], [-79.5795084452833, 43.7286314270696], [-79.5804345938497, 43.7325282684546], [-79.5775147918407, 43.7338354281911], [-79.5667023469746, 43.7117034043633], [-79.5549636524439, 43.7144813652775], [-79.5551162536014, 43.7151024596992], [-79.5523570128741, 43.7094692811074], [-79.5558452810286, 43.7073071814191], [-79.5690221499452, 43.6924579941227], [-79.5796618497756, 43.6743362017026], [-79.5835306980026, 43.6716240232222], [-79.5911932274785, 43.6687658349124], [-79.5999540271655, 43.6837251306253], [-79.6001496835619, 43.6851074430882], [-79.6259401206744, 43.7281872262178], [-79.6277894829513, 43.7331784457631], [-79.6303547109175, 43.7354695478806], [-79.6376119524667, 43.7483009597757], [-79.6392649324429, 43.7498707479426], [-79.6364548228442, 43.7510550500096], [-79.631721857084, 43.7515094653301], [-79.6033810657499, 43.7578610616191], [-79.6000529567273, 43.7540272825599]]]}}, {"type": "Feature", "properties": {"code": "024", "name": "Black Creek"}, "geometry": {"type": "Polygon", "coordinates": [[[-79.5217354553721, 43.7754707541951], [-79.5186198339203, 43.7740893284215], [-79.5188270002863, 43.7732290980184], [-79.5170274565311, 43.7718424982886], [-79.5160160026122, 43.769982624574], [-79.514955386769, 43.769465389874], [-79.5138825305891, 43.7701336012442], [-79.5122532157019, 43.7697988809149], [-79.5103524916844, 43.7671536686718], [-79.507211426755, 43.7645951539441], [-79.5073799364863, 43.763331278259], [-79.5084024123291, 43.7631490777317], [-79.5086978780953, 43.7622811344922], [-79.5073958834561, 43.7608098923655], [-79.504974590316, 43.7605560549058], [-79.5048825525972, 43.759963978757], [-79.5305639500698, 43.7545099906035], [-79.5348814539865, 43.7726881362668], [-79.5217354553721, 43.7754707541951]]]}}, {"type": "Feature", "properties": {"code": "023", "name": "Pelmo Park-Humberlea"}, "geometry": {"type": "Polygon", "coordinates": [[[-79.532251130726, 43.735047745472], [-79.5285093616801, 43.7200464735322], [-79.5296597238951, 43.714904618855], [-79.5078301632192, 43.717755170299], [-79.5057882800195, 43.7102011818647], [-79.5202885928572, 43.7068874207958], [-79.5208445316654, 43.7080398975198], [-79.5223376138222, 43.7078754413249], [-79.5237205748785, 43.7075507209016], [-79.5231125384538, 43.7064432659756], [-79.5254624521635, 43.7058715548812], [-79.5288304005941, 43.7069349124918], [-79.5308098235823, 43.7092946461049], [-79.5315420501999, 43.7091574110883], [-79.5308646731514, 43.7106791791966], [-79.5323471577089, 43.710443179145], [-79.5322984540911, 43.7089668770388], [-79.535836748682, 43.7081162916918], [-79.5389018828899, 43.7089999793716], [-79.5395981412305, 43.7107121143573], [-79.5379419348259, 43.7123959575792], [-79.5380102314453, 43.7143133026368], [-79.5407375276308, 43.7153565722686], [-79.5409157095346, 43.7167428012782], [-79.5432628818159, 43.7169354460023], [-79.5440778940447, 43.7177047959644], [-79.5428034846283, 43.7203607758502], [-79.5407877210953, 43.7222652771005], [-79.5411448551335, 43.7259242630762], [-79.5382788771441, 43.726906448073], [-79.5388639021348, 43.7292601735046], [-79.5384626020749, 43.7317717616949], [-79.5394910991193, 43.7319469350095], [-79.5392827914331, 43.7308848162774], [-79.5408182419908, 43.7295790181857], [-79.5435974315607, 43.7300370279392], [-79.5448550011636, 43.7310176939156], [-79.5438423966924, 43.7317832276212], [-79.5444104508006, 43.7323817702767], [-79.532251130726, 43.735047745472]]]}}, {"type": "Feature", "properties": {"code": "022", "name": "Humbermede"}, "geometry": {"type": "Polygon", "coordinates": [[[-79.5305639500698, 43.7545099906035], [-79.5262801160368, 43.7364015825288], [-79.5447989039955, 43.7323638592582], [-79.5463242788161, 43.731443235278], [-79.5504574058847, 43.7337307686038], [-79.5505578185309, 43.7347170068535], [-79.5490824084154, 43.7357940706652], [-79.5504593890964, 43.7360040007507], [-79.5499384747316, 43.73791348821], [-79.5488746713003, 43.738024177013], [-79.5461012764687, 43.7403616951268], [-79.5476142499566, 43.7417338956159], [-79.5491284763467, 43.7417600604244], [-79.5493378791571, 43.7425370182075], [-79.5503924993671, 43.7423371811865], [-79.5500083154361, 43.7438604184338], [-79.5512095828039, 43.7442382435337], [-79.556459633581, 43.7431015458574], [-79.5567936078822, 43.7414129143263], [-79.5576390620155, 43.7409556703172], [-79.558376260099, 43.741461209617], [-79.5578490680293, 43.7421316632333], [-79.5583888298845, 43.742731553826], [-79.5603558723415, 43.742598961296], [-79.5586727286483, 43.7402564698116], [-79.5610479696222, 43.7398050208845], [-79.5633475735529, 43.7408894245357], [-79.5630367186438, 43.7418451296102], [-79.5609793761817, 43.7426300535978], [-79.5622928648703, 43.7428537365903], [-79.5623526335084, 43.7443130257753], [-79.5647966252747, 43.745549846062], [-79.5686210819156, 43.746247701096], [-79.5305639500698, 43.7545099906035]]]}}, {"type": "Feature", "properties": {"code": "021", "name": "Humber Summit"}, "geometry": {"type": "Polygon", "coordinates": [[[-79.5348814539865, 43.7726881362668], [-79.5305639500698, 43.7545099906035], [-79.5686210819156, 43.746247701096], [-79.5731146584505, 43.7471657926449], [-79.5726947944886, 43.7497103323261], [-79.5732689816388, 43.7503607707071], [-79.5778956299184, 43.7503605466207], [-79.582854973047, 43.7525488606562], [-79.5852117269988, 43.7564970328687], [-79.5838615145655, 43.7574355326989], [-79.5840020811173, 43.7585629816366], [-79.5807665880048, 43.7589271345645], [-79.5806227685616, 43.7603638887415], [-79.5775339839154, 43.7621263156414], [-79.5793823406653, 43.7622183171211], [-79.5806438818039, 43.7630179182297], [-79.5348814539865, 43.7726881362668]]]}}]}